{"message": "Using config class server.config.SaaSServerConfig", "severity": "INFO", "module": "server_config", "funcName": "load_server_config", "lineno": 50, "ts": "2026-07-13T11:36:46.124172+00:00"}
{"message": "setup plugin alembic.autogenerate.schemas", "severity": "INFO", "module": "plugins", "funcName": "__init__", "lineno": 37, "ts": "2026-07-13T11:36:46.248236+00:00"}
{"message": "setup plugin alembic.autogenerate.tables", "severity": "INFO", "module": "plugins", "funcName": "__init__", "lineno": 37, "ts": "2026-07-13T11:36:46.248406+00:00"}
{"message": "setup plugin alembic.autogenerate.types", "severity": "INFO", "module": "plugins", "funcName": "__init__", "lineno": 37, "ts": "2026-07-13T11:36:46.248451+00:00"}
{"message": "setup plugin alembic.autogenerate.constraints", "severity": "INFO", "module": "plugins", "funcName": "__init__", "lineno": 37, "ts": "2026-07-13T11:36:46.248486+00:00"}
{"message": "setup plugin alembic.autogenerate.defaults", "severity": "INFO", "module": "plugins", "funcName": "__init__", "lineno": 37, "ts": "2026-07-13T11:36:46.248517+00:00"}
{"message": "setup plugin alembic.autogenerate.comments", "severity": "INFO", "module": "plugins", "funcName": "__init__", "lineno": 37, "ts": "2026-07-13T11:36:46.248546+00:00"}
Can't instantiate abstract class UserAuthorizerInjector without an implementation for abstract method 'inject'
{"message": "Using default UserAuthorizer", "severity": "INFO", "module": "user_authorizer", "funcName": "depends_user_authorizer", "lineno": 45, "ts": "2026-07-13T11:36:48.082706+00:00"}
{"message": "Tavily API key not configured, skipping Tavily MCP proxy", "severity": "INFO", "module": "mcp_router", "funcName": "init_tavily_proxy", "lineno": 59, "ts": "2026-07-13T11:36:49.453392+00:00"}
{"message": "Started server process [4955]", "severity": "INFO", "module": "server", "funcName": "_serve", "lineno": 92, "color_message": "Started server process [\u001b[36m%d\u001b[0m]", "ts": "2026-07-13T11:36:49.650216+00:00"}
{"message": "Waiting for application startup.", "severity": "INFO", "module": "on", "funcName": "startup", "lineno": 48, "ts": "2026-07-13T11:36:49.650355+00:00"}
{"message": "Application startup complete.", "severity": "INFO", "module": "on", "funcName": "startup", "lineno": 62, "ts": "2026-07-13T11:36:49.650622+00:00"}
{"message": "Uvicorn running on http://127.0.0.1:<port> (Press CTRL+C to quit)", "severity": "INFO", "module": "server", "funcName": "_log_started_message", "lineno": 224, "color_message": "Uvicorn running on \u001b[1m%s://%s:%d\u001b[0m (Press CTRL+C to quit)", "ts": "2026-07-13T11:36:49.650844+00:00"}
{"message": "127.0.0.1:<port> - \"GET /saas HTTP/1.1\" 200", "severity": "INFO", "module": "h11_impl", "funcName": "send", "lineno": 480, "ts": "2026-07-13T11:36:49.970407+00:00"}
{"message": "ApiKey.org setup primary join org.id = api_keys.org_id", "severity": "INFO", "module": "relationships", "funcName": "_log_joins", "lineno": 2339, "ts": "2026-07-13T11:36:57.227477+00:00"}
{"message": "ApiKey.org setup secondary join None", "severity": "INFO", "module": "relationships", "funcName": "_log_joins", "lineno": 2340, "ts": "2026-07-13T11:36:57.227726+00:00"}
{"message": "ApiKey.org synchronize pairs [(org.id => api_keys.org_id)]", "severity": "INFO", "module": "relationships", "funcName": "_log_joins", "lineno": 2341, "ts": "2026-07-13T11:36:57.227773+00:00"}
{"message": "ApiKey.org secondary synchronize pairs []", "severity": "INFO", "module": "relationships", "funcName": "_log_joins", "lineno": 2348, "ts": "2026-07-13T11:36:57.227803+00:00"}
{"message": "ApiKey.org local/remote pairs [(api_keys.org_id / org.id)]", "severity": "INFO", "module": "relationships", "funcName": "_log_joins", "lineno": 2356, "ts": "2026-07-13T11:36:57.227832+00:00"}
{"message": "ApiKey.org remote columns [org.id]", "severity": "INFO", "module": "relationships", "funcName": "_log_joins", "lineno": 2363, "ts": "2026-07-13T11:36:57.227875+00:00"}
{"message": "ApiKey.org local columns [api_keys.org_id]", "severity": "INFO", "module": "relationships", "funcName": "_log_joins", "lineno": 2368, "ts": "2026-07-13T11:36:57.227912+00:00"}
{"message": "ApiKey.org relationship direction RelationshipDirection.MANYTOONE", "severity": "INFO", "module": "relationships", "funcName": "_log_joins", "lineno": 2373, "ts": "2026-07-13T11:36:57.227947+00:00"}
{"message": "ApiKey.org lazy loading clause org.id = :param_1", "severity": "INFO", "module": "strategies", "funcName": "__init__", "lineno": 738, "ts": "2026-07-13T11:36:57.228197+00:00"}
{"message": "ApiKey.org will use Session.get() to optimize instance loads", "severity": "INFO", "module": "strategies", "funcName": "__init__", "lineno": 764, "ts": "2026-07-13T11:36:57.228512+00:00"}
{"message": "BillingSession.org setup primary join org.id = billing_sessions.org_id", "severity": "INFO", "module": "relationships", "funcName": "_log_joins", "lineno": 2339, "ts": "2026-07-13T11:36:57.230231+00:00"}
{"message": "BillingSession.org setup secondary join None", "severity": "INFO", "module": "relationships", "funcName": "_log_joins", "lineno": 2340, "ts": "2026-07-13T11:36:57.230376+00:00"}
{"message": "BillingSession.org synchronize pairs [(org.id => billing_sessions.org_id)]", "severity": "INFO", "module": "relationships", "funcName": "_log_joins", "lineno": 2341, "ts": "2026-07-13T11:36:57.230421+00:00"}
{"message": "BillingSession.org secondary synchronize pairs []", "severity": "INFO", "module": "relationships", "funcName": "_log_joins", "lineno": 2348, "ts": "2026-07-13T11:36:57.230452+00:00"}
{"message": "BillingSession.org local/remote pairs [(billing_sessions.org_id / org.id)]", "severity": "INFO", "module": "relationships", "funcName": "_log_joins", "lineno": 2356, "ts": "2026-07-13T11:36:57.230478+00:00"}
{"message": "BillingSession.org remote columns [org.id]", "severity": "INFO", "module": "relationships", "funcName": "_log_joins", "lineno": 2363, "ts": "2026-07-13T11:36:57.230519+00:00"}
{"message": "BillingSession.org local columns [billing_sessions.org_id]", "severity": "INFO", "module": "relationships", "funcName": "_log_joins", "lineno": 2368, "ts": "2026-07-13T11:36:57.230555+00:00"}
{"message": "BillingSession.org relationship direction RelationshipDirection.MANYTOONE", "severity": "INFO", "module": "relationships", "funcName": "_log_joins", "lineno": 2373, "ts": "2026-07-13T11:36:57.230584+00:00"}
{"message": "BillingSession.org lazy loading clause org.id = :param_1", "severity": "INFO", "module": "strategies", "funcName": "__init__", "lineno": 738, "ts": "2026-07-13T11:36:57.230742+00:00"}
{"message": "BillingSession.org will use Session.get() to optimize instance loads", "severity": "INFO", "module": "strategies", "funcName": "__init__", "lineno": 764, "ts": "2026-07-13T11:36:57.230953+00:00"}
{"message": "Org.org_members setup primary join org.id = org_member.org_id", "severity": "INFO", "module": "relationships", "funcName": "_log_joins", "lineno": 2339, "ts": "2026-07-13T11:36:57.236847+00:00"}
{"message": "Org.org_members setup secondary join None", "severity": "INFO", "module": "relationships", "funcName": "_log_joins", "lineno": 2340, "ts": "2026-07-13T11:36:57.237003+00:00"}
{"message": "Org.org_members synchronize pairs [(org.id => org_member.org_id)]", "severity": "INFO", "module": "relationships", "funcName": "_log_joins", "lineno": 2341, "ts": "2026-07-13T11:36:57.237043+00:00"}
{"message": "Org.org_members secondary synchronize pairs []", "severity": "INFO", "module": "relationships", "funcName": "_log_joins", "lineno": 2348, "ts": "2026-07-13T11:36:57.237070+00:00"}
{"message": "Org.org_members local/remote pairs [(org.id / org_member.org_id)]", "severity": "INFO", "module": "relationships", "funcName": "_log_joins", "lineno": 2356, "ts": "2026-07-13T11:36:57.237096+00:00"}
{"message": "Org.org_members remote columns [org_member.org_id]", "severity": "INFO", "module": "relationships", "funcName": "_log_joins", "lineno": 2363, "ts": "2026-07-13T11:36:57.237134+00:00"}
{"message": "Org.org_members local columns [org.id]", "severity": "INFO", "module": "relationships", "funcName": "_log_joins", "lineno": 2368, "ts": "2026-07-13T11:36:57.237170+00:00"}
{"message": "Org.org_members relationship direction RelationshipDirection.ONETOMANY", "severity": "INFO", "module": "relationships", "funcName": "_log_joins", "lineno": 2373, "ts": "2026-07-13T11:36:57.237202+00:00"}
{"message": "Org.org_members lazy loading clause :param_1 = org_member.org_id", "severity": "INFO", "module": "strategies", "funcName": "__init__", "lineno": 738, "ts": "2026-07-13T11:36:57.237366+00:00"}
{"message": "Org.current_users setup primary join org.id = \"user\".current_org_id", "severity": "INFO", "module": "relationships", "funcName": "_log_joins", "lineno": 2339, "ts": "2026-07-13T11:36:57.238017+00:00"}
{"message": "Org.current_users setup secondary join None", "severity": "INFO", "module": "relationships", "funcName": "_log_joins", "lineno": 2340, "ts": "2026-07-13T11:36:57.238348+00:00"}
{"message": "Org.current_users synchronize pairs [(org.id => user.current_org_id)]", "severity": "INFO", "module": "relationships", "funcName": "_log_joins", "lineno": 2341, "ts": "2026-07-13T11:36:57.238402+00:00"}
{"message": "Org.current_users secondary synchronize pairs []", "severity": "INFO", "module": "relationships", "funcName": "_log_joins", "lineno": 2348, "ts": "2026-07-13T11:36:57.238434+00:00"}
{"message": "Org.current_users local/remote pairs [(org.id / user.current_org_id)]", "severity": "INFO", "module": "relationships", "funcName": "_log_joins", "lineno": 2356, "ts": "2026-07-13T11:36:57.238460+00:00"}
{"message": "Org.current_users remote columns [user.current_org_id]", "severity": "INFO", "module": "relationships", "funcName": "_log_joins", "lineno": 2363, "ts": "2026-07-13T11:36:57.238500+00:00"}
{"message": "Org.current_users local columns [org.id]", "severity": "INFO", "module": "relationships", "funcName": "_log_joins", "lineno": 2368, "ts": "2026-07-13T11:36:57.238536+00:00"}
{"message": "Org.current_users relationship direction RelationshipDirection.ONETOMANY", "severity": "INFO", "module": "relationships", "funcName": "_log_joins", "lineno": 2373, "ts": "2026-07-13T11:36:57.238564+00:00"}
{"message": "Org.current_users lazy loading clause :param_1 = \"user\".current_org_id", "severity": "INFO", "module": "strategies", "funcName": "__init__", "lineno": 738, "ts": "2026-07-13T11:36:57.238683+00:00"}
{"message": "Org.invitations setup primary join org.id = org_invitation.org_id", "severity": "INFO", "module": "relationships", "funcName": "_log_joins", "lineno": 2339, "ts": "2026-07-13T11:36:57.239242+00:00"}
{"message": "Org.invitations setup secondary join None", "severity": "INFO", "module": "relationships", "funcName": "_log_joins", "lineno": 2340, "ts": "2026-07-13T11:36:57.239352+00:00"}
{"message": "Org.invitations synchronize pairs [(org.id => org_invitation.org_id)]", "severity": "INFO", "module": "relationships", "funcName": "_log_joins", "lineno": 2341, "ts": "2026-07-13T11:36:57.239390+00:00"}
{"message": "Org.invitations secondary synchronize pairs []", "severity": "INFO", "module": "relationships", "funcName": "_log_joins", "lineno": 2348, "ts": "2026-07-13T11:36:57.239417+00:00"}
{"message": "Org.invitations local/remote pairs [(org.id / org_invitation.org_id)]", "severity": "INFO", "module": "relationships", "funcName": "_log_joins", "lineno": 2356, "ts": "2026-07-13T11:36:57.239442+00:00"}
{"message": "Org.invitations remote columns [org_invitation.org_id]", "severity": "INFO", "module": "relationships", "funcName": "_log_joins", "lineno": 2363, "ts": "2026-07-13T11:36:57.239481+00:00"}
{"message": "Org.invitations local columns [org.id]", "severity": "INFO", "module": "relationships", "funcName": "_log_joins", "lineno": 2368, "ts": "2026-07-13T11:36:57.239518+00:00"}
{"message": "Org.invitations relationship direction RelationshipDirection.ONETOMANY", "severity": "INFO", "module": "relationships", "funcName": "_log_joins", "lineno": 2373, "ts": "2026-07-13T11:36:57.239542+00:00"}
{"message": "Org.invitations lazy loading clause :param_1 = org_invitation.org_id", "severity": "INFO", "module": "strategies", "funcName": "__init__", "lineno": 738, "ts": "2026-07-13T11:36:57.239668+00:00"}
{"message": "Org.billing_sessions setup primary join org.id = billing_sessions.org_id", "severity": "INFO", "module": "relationships", "funcName": "_log_joins", "lineno": 2339, "ts": "2026-07-13T11:36:57.240185+00:00"}
{"message": "Org.billing_sessions setup secondary join None", "severity": "INFO", "module": "relationships", "funcName": "_log_joins", "lineno": 2340, "ts": "2026-07-13T11:36:57.240283+00:00"}
{"message": "Org.billing_sessions synchronize pairs [(org.id => billing_sessions.org_id)]", "severity": "INFO", "module": "relationships", "funcName": "_log_joins", "lineno": 2341, "ts": "2026-07-13T11:36:57.240338+00:00"}
{"message": "Org.billing_sessions secondary synchronize pairs []", "severity": "INFO", "module": "relationships", "funcName": "_log_joins", "lineno": 2348, "ts": "2026-07-13T11:36:57.240366+00:00"}
{"message": "Org.billing_sessions local/remote pairs [(org.id / billing_sessions.org_id)]", "severity": "INFO", "module": "relationships", "funcName": "_log_joins", "lineno": 2356, "ts": "2026-07-13T11:36:57.240389+00:00"}
{"message": "Org.billing_sessions remote columns [billing_sessions.org_id]", "severity": "INFO", "module": "relationships", "funcName": "_log_joins", "lineno": 2363, "ts": "2026-07-13T11:36:57.240426+00:00"}
{"message": "Org.billing_sessions local columns [org.id]", "severity": "INFO", "module": "relationships", "funcName": "_log_joins", "lineno": 2368, "ts": "2026-07-13T11:36:57.240458+00:00"}
{"message": "Org.billing_sessions relationship direction RelationshipDirection.ONETOMANY", "severity": "INFO", "module": "relationships", "funcName": "_log_joins", "lineno": 2373, "ts": "2026-07-13T11:36:57.240479+00:00"}
{"message": "Org.billing_sessions lazy loading clause :param_1 = billing_sessions.org_id", "severity": "INFO", "module": "strategies", "funcName": "__init__", "lineno": 738, "ts": "2026-07-13T11:36:57.240628+00:00"}
{"message": "Org.stored_conversation_metadata_saas setup primary join org.id = conversation_metadata_saas.org_id", "severity": "INFO", "module": "relationships", "funcName": "_log_joins", "lineno": 2339, "ts": "2026-07-13T11:36:57.241137+00:00"}
{"message": "Org.stored_conversation_metadata_saas setup secondary join None", "severity": "INFO", "module": "relationships", "funcName": "_log_joins", "lineno": 2340, "ts": "2026-07-13T11:36:57.241222+00:00"}
{"message": "Org.stored_conversation_metadata_saas synchronize pairs [(org.id => conversation_metadata_saas.org_id)]", "severity": "INFO", "module": "relationships", "funcName": "_log_joins", "lineno": 2341, "ts": "2026-07-13T11:36:57.241253+00:00"}
{"message": "Org.stored_conversation_metadata_saas secondary synchronize pairs []", "severity": "INFO", "module": "relationships", "funcName": "_log_joins", "lineno": 2348, "ts": "2026-07-13T11:36:57.241278+00:00"}
{"message": "Org.stored_conversation_metadata_saas local/remote pairs [(org.id / conversation_metadata_saas.org_id)]", "severity": "INFO", "module": "relationships", "funcName": "_log_joins", "lineno": 2356, "ts": "2026-07-13T11:36:57.241302+00:00"}
{"message": "Org.stored_conversation_metadata_saas remote columns [conversation_metadata_saas.org_id]", "severity": "INFO", "module": "relationships", "funcName": "_log_joins", "lineno": 2363, "ts": "2026-07-13T11:36:57.241360+00:00"}
{"message": "Org.stored_conversation_metadata_saas local columns [org.id]", "severity": "INFO", "module": "relationships", "funcName": "_log_joins", "lineno": 2368, "ts": "2026-07-13T11:36:57.241401+00:00"}
{"message": "Org.stored_conversation_metadata_saas relationship direction RelationshipDirection.ONETOMANY", "severity": "INFO", "module": "relationships", "funcName": "_log_joins", "lineno": 2373, "ts": "2026-07-13T11:36:57.241425+00:00"}
{"message": "Org.stored_conversation_metadata_saas lazy loading clause :param_1 = conversation_metadata_saas.org_id", "severity": "INFO", "module": "strategies", "funcName": "__init__", "lineno": 738, "ts": "2026-07-13T11:36:57.241530+00:00"}
{"message": "Org.user_secrets setup primary join org.id = custom_secrets.org_id", "severity": "INFO", "module": "relationships", "funcName": "_log_joins", "lineno": 2339, "ts": "2026-07-13T11:36:57.242062+00:00"}
{"message": "Org.user_secrets setup secondary join None", "severity": "INFO", "module": "relationships", "funcName": "_log_joins", "lineno": 2340, "ts": "2026-07-13T11:36:57.242158+00:00"}
{"message": "Org.user_secrets synchronize pairs [(org.id => custom_secrets.org_id)]", "severity": "INFO", "module": "relationships", "funcName": "_log_joins", "lineno": 2341, "ts": "2026-07-13T11:36:57.242198+00:00"}
{"message": "Org.user_secrets secondary synchronize pairs []", "severity": "INFO", "module": "relationships", "funcName": "_log_joins", "lineno": 2348, "ts": "2026-07-13T11:36:57.242224+00:00"}
{"message": "Org.user_secrets local/remote pairs [(org.id / custom_secrets.org_id)]", "severity": "INFO", "module": "relationships", "funcName": "_log_joins", "lineno": 2356, "ts": "2026-07-13T11:36:57.242247+00:00"}
{"message": "Org.user_secrets remote columns [custom_secrets.org_id]", "severity": "INFO", "module": "relationships", "funcName": "_log_joins", "lineno": 2363, "ts": "2026-07-13T11:36:57.242282+00:00"}
{"message": "Org.user_secrets local columns [org.id]", "severity": "INFO", "module": "relationships", "funcName": "_log_joins", "lineno": 2368, "ts": "2026-07-13T11:36:57.242339+00:00"}
{"message": "Org.user_secrets relationship direction RelationshipDirection.ONETOMANY", "severity": "INFO", "module": "relationships", "funcName": "_log_joins", "lineno": 2373, "ts": "2026-07-13T11:36:57.242378+00:00"}
{"message": "Org.user_secrets lazy loading clause :param_1 = custom_secrets.org_id", "severity": "INFO", "module": "strategies", "funcName": "__init__", "lineno": 738, "ts": "2026-07-13T11:36:57.242499+00:00"}
{"message": "Org.api_keys setup primary join org.id = api_keys.org_id", "severity": "INFO", "module": "relationships", "funcName": "_log_joins", "lineno": 2339, "ts": "2026-07-13T11:36:57.243024+00:00"}
{"message": "Org.api_keys setup secondary join None", "severity": "INFO", "module": "relationships", "funcName": "_log_joins", "lineno": 2340, "ts": "2026-07-13T11:36:57.243115+00:00"}
{"message": "Org.api_keys synchronize pairs [(org.id => api_keys.org_id)]", "severity": "INFO", "module": "relationships", "funcName": "_log_joins", "lineno": 2341, "ts": "2026-07-13T11:36:57.243148+00:00"}
{"message": "Org.api_keys secondary synchronize pairs []", "severity": "INFO", "module": "relationships", "funcName": "_log_joins", "lineno": 2348, "ts": "2026-07-13T11:36:57.243172+00:00"}
{"message": "Org.api_keys local/remote pairs [(org.id / api_keys.org_id)]", "severity": "INFO", "module": "relationships", "funcName": "_log_joins", "lineno": 2356, "ts": "2026-07-13T11:36:57.243195+00:00"}
{"message": "Org.api_keys remote columns [api_keys.org_id]", "severity": "INFO", "module": "relationships", "funcName": "_log_joins", "lineno": 2363, "ts": "2026-07-13T11:36:57.243229+00:00"}
{"message": "Org.api_keys local columns [org.id]", "severity": "INFO", "module": "relationships", "funcName": "_log_joins", "lineno": 2368, "ts": "2026-07-13T11:36:57.243261+00:00"}
{"message": "Org.api_keys relationship direction RelationshipDirection.ONETOMANY", "severity": "INFO", "module": "relationships", "funcName": "_log_joins", "lineno": 2373, "ts": "2026-07-13T11:36:57.243282+00:00"}
{"message": "Org.api_keys lazy loading clause :param_1 = api_keys.org_id", "severity": "INFO", "module": "strategies", "funcName": "__init__", "lineno": 738, "ts": "2026-07-13T11:36:57.243438+00:00"}
{"message": "Org.slack_conversations setup primary join org.id = slack_conversation.org_id", "severity": "INFO", "module": "relationships", "funcName": "_log_joins", "lineno": 2339, "ts": "2026-07-13T11:36:57.243963+00:00"}
{"message": "Org.slack_conversations setup secondary join None", "severity": "INFO", "module": "relationships", "funcName": "_log_joins", "lineno": 2340, "ts": "2026-07-13T11:36:57.244047+00:00"}
{"message": "Org.slack_conversations synchronize pairs [(org.id => slack_conversation.org_id)]", "severity": "INFO", "module": "relationships", "funcName": "_log_joins", "lineno": 2341, "ts": "2026-07-13T11:36:57.244079+00:00"}
{"message": "Org.slack_conversations secondary synchronize pairs []", "severity": "INFO", "module": "relationships", "funcName": "_log_joins", "lineno": 2348, "ts": "2026-07-13T11:36:57.244108+00:00"}
{"message": "Org.slack_conversations local/remote pairs [(org.id / slack_conversation.org_id)]", "severity": "INFO", "module": "relationships", "funcName": "_log_joins", "lineno": 2356, "ts": "2026-07-13T11:36:57.244133+00:00"}
{"message": "Org.slack_conversations remote columns [slack_conversation.org_id]", "severity": "INFO", "module": "relationships", "funcName": "_log_joins", "lineno": 2363, "ts": "2026-07-13T11:36:57.244167+00:00"}
{"message": "Org.slack_conversations local columns [org.id]", "severity": "INFO", "module": "relationships", "funcName": "_log_joins", "lineno": 2368, "ts": "2026-07-13T11:36:57.244199+00:00"}
{"message": "Org.slack_conversations relationship direction RelationshipDirection.ONETOMANY", "severity": "INFO", "module": "relationships", "funcName": "_log_joins", "lineno": 2373, "ts": "2026-07-13T11:36:57.244220+00:00"}
{"message": "Org.slack_conversations lazy loading clause :param_1 = slack_conversation.org_id", "severity": "INFO", "module": "strategies", "funcName": "__init__", "lineno": 738, "ts": "2026-07-13T11:36:57.244344+00:00"}
{"message": "Org.slack_users setup primary join org.id = slack_users.org_id", "severity": "INFO", "module": "relationships", "funcName": "_log_joins", "lineno": 2339, "ts": "2026-07-13T11:36:57.244845+00:00"}
{"message": "Org.slack_users setup secondary join None", "severity": "INFO", "module": "relationships", "funcName": "_log_joins", "lineno": 2340, "ts": "2026-07-13T11:36:57.244928+00:00"}
{"message": "Org.slack_users synchronize pairs [(org.id => slack_users.org_id)]", "severity": "INFO", "module": "relationships", "funcName": "_log_joins", "lineno": 2341, "ts": "2026-07-13T11:36:57.244957+00:00"}
{"message": "Org.slack_users secondary synchronize pairs []", "severity": "INFO", "module": "relationships", "funcName": "_log_joins", "lineno": 2348, "ts": "2026-07-13T11:36:57.244981+00:00"}
{"message": "Org.slack_users local/remote pairs [(org.id / slack_users.org_id)]", "severity": "INFO", "module": "relationships", "funcName": "_log_joins", "lineno": 2356, "ts": "2026-07-13T11:36:57.245003+00:00"}
{"message": "Org.slack_users remote columns [slack_users.org_id]", "severity": "INFO", "module": "relationships", "funcName": "_log_joins", "lineno": 2363, "ts": "2026-07-13T11:36:57.245038+00:00"}
{"message": "Org.slack_users local columns [org.id]", "severity": "INFO", "module": "relationships", "funcName": "_log_joins", "lineno": 2368, "ts": "2026-07-13T11:36:57.245070+00:00"}
{"message": "Org.slack_users relationship direction RelationshipDirection.ONETOMANY", "severity": "INFO", "module": "relationships", "funcName": "_log_joins", "lineno": 2373, "ts": "2026-07-13T11:36:57.245090+00:00"}
{"message": "Org.slack_users lazy loading clause :param_1 = slack_users.org_id", "severity": "INFO", "module": "strategies", "funcName": "__init__", "lineno": 738, "ts": "2026-07-13T11:36:57.245192+00:00"}
{"message": "Org.stripe_customers setup primary join org.id = stripe_customers.org_id", "severity": "INFO", "module": "relationships", "funcName": "_log_joins", "lineno": 2339, "ts": "2026-07-13T11:36:57.245707+00:00"}
{"message": "Org.stripe_customers setup secondary join None", "severity": "INFO", "module": "relationships", "funcName": "_log_joins", "lineno": 2340, "ts": "2026-07-13T11:36:57.245796+00:00"}
{"message": "Org.stripe_customers synchronize pairs [(org.id => stripe_customers.org_id)]", "severity": "INFO", "module": "relationships", "funcName": "_log_joins", "lineno": 2341, "ts": "2026-07-13T11:36:57.245827+00:00"}
{"message": "Org.stripe_customers secondary synchronize pairs []", "severity": "INFO", "module": "relationships", "funcName": "_log_joins", "lineno": 2348, "ts": "2026-07-13T11:36:57.245851+00:00"}
{"message": "Org.stripe_customers local/remote pairs [(org.id / stripe_customers.org_id)]", "severity": "INFO", "module": "relationships", "funcName": "_log_joins", "lineno": 2356, "ts": "2026-07-13T11:36:57.245873+00:00"}
{"message": "Org.stripe_customers remote columns [stripe_customers.org_id]", "severity": "INFO", "module": "relationships", "funcName": "_log_joins", "lineno": 2363, "ts": "2026-07-13T11:36:57.245913+00:00"}
{"message": "Org.stripe_customers local columns [org.id]", "severity": "INFO", "module": "relationships", "funcName": "_log_joins", "lineno": 2368, "ts": "2026-07-13T11:36:57.245949+00:00"}
{"message": "Org.stripe_customers relationship direction RelationshipDirection.ONETOMANY", "severity": "INFO", "module": "relationships", "funcName": "_log_joins", "lineno": 2373, "ts": "2026-07-13T11:36:57.245970+00:00"}
{"message": "Org.stripe_customers lazy loading clause :param_1 = stripe_customers.org_id", "severity": "INFO", "module": "strategies", "funcName": "__init__", "lineno": 738, "ts": "2026-07-13T11:36:57.246075+00:00"}
{"message": "Org.git_claims setup primary join org.id = org_git_claim.org_id", "severity": "INFO", "module": "relationships", "funcName": "_log_joins", "lineno": 2339, "ts": "2026-07-13T11:36:57.246584+00:00"}
{"message": "Org.git_claims setup secondary join None", "severity": "INFO", "module": "relationships", "funcName": "_log_joins", "lineno": 2340, "ts": "2026-07-13T11:36:57.246674+00:00"}
{"message": "Org.git_claims synchronize pairs [(org.id => org_git_claim.org_id)]", "severity": "INFO", "module": "relationships", "funcName": "_log_joins", "lineno": 2341, "ts": "2026-07-13T11:36:57.246707+00:00"}
{"message": "Org.git_claims secondary synchronize pairs []", "severity": "INFO", "module": "relationships", "funcName": "_log_joins", "lineno": 2348, "ts": "2026-07-13T11:36:57.246731+00:00"}
{"message": "Org.git_claims local/remote pairs [(org.id / org_git_claim.org_id)]", "severity": "INFO", "module": "relationships", "funcName": "_log_joins", "lineno": 2356, "ts": "2026-07-13T11:36:57.246754+00:00"}
{"message": "Org.git_claims remote columns [org_git_claim.org_id]", "severity": "INFO", "module": "relationships", "funcName": "_log_joins", "lineno": 2363, "ts": "2026-07-13T11:36:57.246788+00:00"}
{"message": "Org.git_claims local columns [org.id]", "severity": "INFO", "module": "relationships", "funcName": "_log_joins", "lineno": 2368, "ts": "2026-07-13T11:36:57.246822+00:00"}
{"message": "Org.git_claims relationship direction RelationshipDirection.ONETOMANY", "severity": "INFO", "module": "relationships", "funcName": "_log_joins", "lineno": 2373, "ts": "2026-07-13T11:36:57.246843+00:00"}
{"message": "Org.git_claims lazy loading clause :param_1 = org_git_claim.org_id", "severity": "INFO", "module": "strategies", "funcName": "__init__", "lineno": 738, "ts": "2026-07-13T11:36:57.246943+00:00"}
{"message": "OrgGitClaim.org setup primary join org.id = org_git_claim.org_id", "severity": "INFO", "module": "relationships", "funcName": "_log_joins", "lineno": 2339, "ts": "2026-07-13T11:36:57.249409+00:00"}
{"message": "OrgGitClaim.org setup secondary join None", "severity": "INFO", "module": "relationships", "funcName": "_log_joins", "lineno": 2340, "ts": "2026-07-13T11:36:57.249515+00:00"}
{"message": "OrgGitClaim.org synchronize pairs [(org.id => org_git_claim.org_id)]", "severity": "INFO", "module": "relationships", "funcName": "_log_joins", "lineno": 2341, "ts": "2026-07-13T11:36:57.249551+00:00"}
{"message": "OrgGitClaim.org secondary synchronize pairs []", "severity": "INFO", "module": "relationships", "funcName": "_log_joins", "lineno": 2348, "ts": "2026-07-13T11:36:57.249585+00:00"}
{"message": "OrgGitClaim.org local/remote pairs [(org_git_claim.org_id / org.id)]", "severity": "INFO", "module": "relationships", "funcName": "_log_joins", "lineno": 2356, "ts": "2026-07-13T11:36:57.249611+00:00"}
{"message": "OrgGitClaim.org remote columns [org.id]", "severity": "INFO", "module": "relationships", "funcName": "_log_joins", "lineno": 2363, "ts": "2026-07-13T11:36:57.249649+00:00"}
{"message": "OrgGitClaim.org local columns [org_git_claim.org_id]", "severity": "INFO", "module": "relationships", "funcName": "_log_joins", "lineno": 2368, "ts": "2026-07-13T11:36:57.249684+00:00"}
{"message": "OrgGitClaim.org relationship direction RelationshipDirection.MANYTOONE", "severity": "INFO", "module": "relationships", "funcName": "_log_joins", "lineno": 2373, "ts": "2026-07-13T11:36:57.249712+00:00"}
{"message": "OrgGitClaim.org lazy loading clause org.id = :param_1", "severity": "INFO", "module": "strategies", "funcName": "__init__", "lineno": 738, "ts": "2026-07-13T11:36:57.249862+00:00"}
{"message": "OrgGitClaim.org will use Session.get() to optimize instance loads", "severity": "INFO", "module": "strategies", "funcName": "__init__", "lineno": 764, "ts": "2026-07-13T11:36:57.250076+00:00"}
{"message": "OrgInvitation.org setup primary join org.id = org_invitation.org_id", "severity": "INFO", "module": "relationships", "funcName": "_log_joins", "lineno": 2339, "ts": "2026-07-13T11:36:57.250799+00:00"}
{"message": "OrgInvitation.org setup secondary join None", "severity": "INFO", "module": "relationships", "funcName": "_log_joins", "lineno": 2340, "ts": "2026-07-13T11:36:57.250891+00:00"}
{"message": "OrgInvitation.org synchronize pairs [(org.id => org_invitation.org_id)]", "severity": "INFO", "module": "relationships", "funcName": "_log_joins", "lineno": 2341, "ts": "2026-07-13T11:36:57.250925+00:00"}
{"message": "OrgInvitation.org secondary synchronize pairs []", "severity": "INFO", "module": "relationships", "funcName": "_log_joins", "lineno": 2348, "ts": "2026-07-13T11:36:57.250952+00:00"}
{"message": "OrgInvitation.org local/remote pairs [(org_invitation.org_id / org.id)]", "severity": "INFO", "module": "relationships", "funcName": "_log_joins", "lineno": 2356, "ts": "2026-07-13T11:36:57.250977+00:00"}
{"message": "OrgInvitation.org remote columns [org.id]", "severity": "INFO", "module": "relationships", "funcName": "_log_joins", "lineno": 2363, "ts": "2026-07-13T11:36:57.251020+00:00"}
{"message": "OrgInvitation.org local columns [org_invitation.org_id]", "severity": "INFO", "module": "relationships", "funcName": "_log_joins", "lineno": 2368, "ts": "2026-07-13T11:36:57.251073+00:00"}
{"message": "OrgInvitation.org relationship direction RelationshipDirection.MANYTOONE", "severity": "INFO", "module": "relationships", "funcName": "_log_joins", "lineno": 2373, "ts": "2026-07-13T11:36:57.251111+00:00"}
{"message": "OrgInvitation.org lazy loading clause org.id = :param_1", "severity": "INFO", "module": "strategies", "funcName": "__init__", "lineno": 738, "ts": "2026-07-13T11:36:57.251260+00:00"}
{"message": "OrgInvitation.org will use Session.get() to optimize instance loads", "severity": "INFO", "module": "strategies", "funcName": "__init__", "lineno": 764, "ts": "2026-07-13T11:36:57.251429+00:00"}
{"message": "OrgInvitation.role setup primary join role.id = org_invitation.role_id", "severity": "INFO", "module": "relationships", "funcName": "_log_joins", "lineno": 2339, "ts": "2026-07-13T11:36:57.251912+00:00"}
{"message": "OrgInvitation.role setup secondary join None", "severity": "INFO", "module": "relationships", "funcName": "_log_joins", "lineno": 2340, "ts": "2026-07-13T11:36:57.252001+00:00"}
{"message": "OrgInvitation.role synchronize pairs [(role.id => org_invitation.role_id)]", "severity": "INFO", "module": "relationships", "funcName": "_log_joins", "lineno": 2341, "ts": "2026-07-13T11:36:57.252033+00:00"}
{"message": "OrgInvitation.role secondary synchronize pairs []", "severity": "INFO", "module": "relationships", "funcName": "_log_joins", "lineno": 2348, "ts": "2026-07-13T11:36:57.252058+00:00"}
{"message": "OrgInvitation.role local/remote pairs [(org_invitation.role_id / role.id)]", "severity": "INFO", "module": "relationships", "funcName": "_log_joins", "lineno": 2356, "ts": "2026-07-13T11:36:57.252082+00:00"}
{"message": "OrgInvitation.role remote columns [role.id]", "severity": "INFO", "module": "relationships", "funcName": "_log_joins", "lineno": 2363, "ts": "2026-07-13T11:36:57.252136+00:00"}
{"message": "OrgInvitation.role local columns [org_invitation.role_id]", "severity": "INFO", "module": "relationships", "funcName": "_log_joins", "lineno": 2368, "ts": "2026-07-13T11:36:57.252209+00:00"}
{"message": "OrgInvitation.role relationship direction RelationshipDirection.MANYTOONE", "severity": "INFO", "module": "relationships", "funcName": "_log_joins", "lineno": 2373, "ts": "2026-07-13T11:36:57.252262+00:00"}
{"message": "OrgInvitation.role lazy loading clause role.id = :param_1", "severity": "INFO", "module": "strategies", "funcName": "__init__", "lineno": 738, "ts": "2026-07-13T11:36:57.252415+00:00"}
{"message": "OrgInvitation.role will use Session.get() to optimize instance loads", "severity": "INFO", "module": "strategies", "funcName": "__init__", "lineno": 764, "ts": "2026-07-13T11:36:57.252669+00:00"}
{"message": "OrgInvitation.inviter setup primary join \"user\".id = org_invitation.inviter_id", "severity": "INFO", "module": "relationships", "funcName": "_log_joins", "lineno": 2339, "ts": "2026-07-13T11:36:57.253252+00:00"}
{"message": "OrgInvitation.inviter setup secondary join None", "severity": "INFO", "module": "relationships", "funcName": "_log_joins", "lineno": 2340, "ts": "2026-07-13T11:36:57.253379+00:00"}
{"message": "OrgInvitation.inviter synchronize pairs [(user.id => org_invitation.inviter_id)]", "severity": "INFO", "module": "relationships", "funcName": "_log_joins", "lineno": 2341, "ts": "2026-07-13T11:36:57.253429+00:00"}
{"message": "OrgInvitation.inviter secondary synchronize pairs []", "severity": "INFO", "module": "relationships", "funcName": "_log_joins", "lineno": 2348, "ts": "2026-07-13T11:36:57.253470+00:00"}
{"message": "OrgInvitation.inviter local/remote pairs [(org_invitation.inviter_id / user.id)]", "severity": "INFO", "module": "relationships", "funcName": "_log_joins", "lineno": 2356, "ts": "2026-07-13T11:36:57.253503+00:00"}
{"message": "OrgInvitation.inviter remote columns [user.id]", "severity": "INFO", "module": "relationships", "funcName": "_log_joins", "lineno": 2363, "ts": "2026-07-13T11:36:57.253554+00:00"}
{"message": "OrgInvitation.inviter local columns [org_invitation.inviter_id]", "severity": "INFO", "module": "relationships", "funcName": "_log_joins", "lineno": 2368, "ts": "2026-07-13T11:36:57.253609+00:00"}
{"message": "OrgInvitation.inviter relationship direction RelationshipDirection.MANYTOONE", "severity": "INFO", "module": "relationships", "funcName": "_log_joins", "lineno": 2373, "ts": "2026-07-13T11:36:57.253647+00:00"}
{"message": "OrgInvitation.inviter lazy loading clause \"user\".id = :param_1", "severity": "INFO", "module": "strategies", "funcName": "__init__", "lineno": 738, "ts": "2026-07-13T11:36:57.253781+00:00"}
{"message": "OrgInvitation.inviter will use Session.get() to optimize instance loads", "severity": "INFO", "module": "strategies", "funcName": "__init__", "lineno": 764, "ts": "2026-07-13T11:36:57.254009+00:00"}
{"message": "OrgInvitation.accepted_by_user setup primary join \"user\".id = org_invitation.accepted_by_user_id", "severity": "INFO", "module": "relationships", "funcName": "_log_joins", "lineno": 2339, "ts": "2026-07-13T11:36:57.254572+00:00"}
{"message": "OrgInvitation.accepted_by_user setup secondary join None", "severity": "INFO", "module": "relationships", "funcName": "_log_joins", "lineno": 2340, "ts": "2026-07-13T11:36:57.254686+00:00"}
{"message": "OrgInvitation.accepted_by_user synchronize pairs [(user.id => org_invitation.accepted_by_user_id)]", "severity": "INFO", "module": "relationships", "funcName": "_log_joins", "lineno": 2341, "ts": "2026-07-13T11:36:57.254733+00:00"}
{"message": "OrgInvitation.accepted_by_user secondary synchronize pairs []", "severity": "INFO", "module": "relationships", "funcName": "_log_joins", "lineno": 2348, "ts": "2026-07-13T11:36:57.254771+00:00"}
{"message": "OrgInvitation.accepted_by_user local/remote pairs [(org_invitation.accepted_by_user_id / user.id)]", "severity": "INFO", "module": "relationships", "funcName": "_log_joins", "lineno": 2356, "ts": "2026-07-13T11:36:57.254803+00:00"}
{"message": "OrgInvitation.accepted_by_user remote columns [user.id]", "severity": "INFO", "module": "relationships", "funcName": "_log_joins", "lineno": 2363, "ts": "2026-07-13T11:36:57.254857+00:00"}
{"message": "OrgInvitation.accepted_by_user local columns [org_invitation.accepted_by_user_id]", "severity": "INFO", "module": "relationships", "funcName": "_log_joins", "lineno": 2368, "ts": "2026-07-13T11:36:57.254911+00:00"}
{"message": "OrgInvitation.accepted_by_user relationship direction RelationshipDirection.MANYTOONE", "severity": "INFO", "module": "relationships", "funcName": "_log_joins", "lineno": 2373, "ts": "2026-07-13T11:36:57.254950+00:00"}
{"message": "OrgInvitation.accepted_by_user lazy loading clause \"user\".id = :param_1", "severity": "INFO", "module": "strategies", "funcName": "__init__", "lineno": 738, "ts": "2026-07-13T11:36:57.255076+00:00"}
{"message": "OrgInvitation.accepted_by_user will use Session.get() to optimize instance loads", "severity": "INFO", "module": "strategies", "funcName": "__init__", "lineno": 764, "ts": "2026-07-13T11:36:57.255253+00:00"}
{"message": "OrgMember.org setup primary join org.id = org_member.org_id", "severity": "INFO", "module": "relationships", "funcName": "_log_joins", "lineno": 2339, "ts": "2026-07-13T11:36:57.256356+00:00"}
{"message": "OrgMember.org setup secondary join None", "severity": "INFO", "module": "relationships", "funcName": "_log_joins", "lineno": 2340, "ts": "2026-07-13T11:36:57.256458+00:00"}
{"message": "OrgMember.org synchronize pairs [(org.id => org_member.org_id)]", "severity": "INFO", "module": "relationships", "funcName": "_log_joins", "lineno": 2341, "ts": "2026-07-13T11:36:57.256494+00:00"}
{"message": "OrgMember.org secondary synchronize pairs []", "severity": "INFO", "module": "relationships", "funcName": "_log_joins", "lineno": 2348, "ts": "2026-07-13T11:36:57.256520+00:00"}
{"message": "OrgMember.org local/remote pairs [(org_member.org_id / org.id)]", "severity": "INFO", "module": "relationships", "funcName": "_log_joins", "lineno": 2356, "ts": "2026-07-13T11:36:57.256545+00:00"}
{"message": "OrgMember.org remote columns [org.id]", "severity": "INFO", "module": "relationships", "funcName": "_log_joins", "lineno": 2363, "ts": "2026-07-13T11:36:57.256588+00:00"}
{"message": "OrgMember.org local columns [org_member.org_id]", "severity": "INFO", "module": "relationships", "funcName": "_log_joins", "lineno": 2368, "ts": "2026-07-13T11:36:57.256621+00:00"}
{"message": "OrgMember.org relationship direction RelationshipDirection.MANYTOONE", "severity": "INFO", "module": "relationships", "funcName": "_log_joins", "lineno": 2373, "ts": "2026-07-13T11:36:57.256643+00:00"}
{"message": "OrgMember.org lazy loading clause org.id = :param_1", "severity": "INFO", "module": "strategies", "funcName": "__init__", "lineno": 738, "ts": "2026-07-13T11:36:57.256803+00:00"}
{"message": "OrgMember.org will use Session.get() to optimize instance loads", "severity": "INFO", "module": "strategies", "funcName": "__init__", "lineno": 764, "ts": "2026-07-13T11:36:57.256952+00:00"}
{"message": "OrgMember.user setup primary join \"user\".id = org_member.user_id", "severity": "INFO", "module": "relationships", "funcName": "_log_joins", "lineno": 2339, "ts": "2026-07-13T11:36:57.257565+00:00"}
{"message": "OrgMember.user setup secondary join None", "severity": "INFO", "module": "relationships", "funcName": "_log_joins", "lineno": 2340, "ts": "2026-07-13T11:36:57.257656+00:00"}
{"message": "OrgMember.user synchronize pairs [(user.id => org_member.user_id)]", "severity": "INFO", "module": "relationships", "funcName": "_log_joins", "lineno": 2341, "ts": "2026-07-13T11:36:57.257690+00:00"}
{"message": "OrgMember.user secondary synchronize pairs []", "severity": "INFO", "module": "relationships", "funcName": "_log_joins", "lineno": 2348, "ts": "2026-07-13T11:36:57.257717+00:00"}
{"message": "OrgMember.user local/remote pairs [(org_member.user_id / user.id)]", "severity": "INFO", "module": "relationships", "funcName": "_log_joins", "lineno": 2356, "ts": "2026-07-13T11:36:57.257755+00:00"}
{"message": "OrgMember.user remote columns [user.id]", "severity": "INFO", "module": "relationships", "funcName": "_log_joins", "lineno": 2363, "ts": "2026-07-13T11:36:57.257804+00:00"}
{"message": "OrgMember.user local columns [org_member.user_id]", "severity": "INFO", "module": "relationships", "funcName": "_log_joins", "lineno": 2368, "ts": "2026-07-13T11:36:57.257847+00:00"}
{"message": "OrgMember.user relationship direction RelationshipDirection.MANYTOONE", "severity": "INFO", "module": "relationships", "funcName": "_log_joins", "lineno": 2373, "ts": "2026-07-13T11:36:57.257870+00:00"}
{"message": "OrgMember.user lazy loading clause \"user\".id = :param_1", "severity": "INFO", "module": "strategies", "funcName": "__init__", "lineno": 738, "ts": "2026-07-13T11:36:57.257994+00:00"}
{"message": "OrgMember.user will use Session.get() to optimize instance loads", "severity": "INFO", "module": "strategies", "funcName": "__init__", "lineno": 764, "ts": "2026-07-13T11:36:57.258126+00:00"}
{"message": "OrgMember.role setup primary join role.id = org_member.role_id", "severity": "INFO", "module": "relationships", "funcName": "_log_joins", "lineno": 2339, "ts": "2026-07-13T11:36:57.258584+00:00"}
{"message": "OrgMember.role setup secondary join None", "severity": "INFO", "module": "relationships", "funcName": "_log_joins", "lineno": 2340, "ts": "2026-07-13T11:36:57.258973+00:00"}
{"message": "OrgMember.role synchronize pairs [(role.id => org_member.role_id)]", "severity": "INFO", "module": "relationships", "funcName": "_log_joins", "lineno": 2341, "ts": "2026-07-13T11:36:57.259015+00:00"}
{"message": "OrgMember.role secondary synchronize pairs []", "severity": "INFO", "module": "relationships", "funcName": "_log_joins", "lineno": 2348, "ts": "2026-07-13T11:36:57.259042+00:00"}
{"message": "OrgMember.role local/remote pairs [(org_member.role_id / role.id)]", "severity": "INFO", "module": "relationships", "funcName": "_log_joins", "lineno": 2356, "ts": "2026-07-13T11:36:57.259068+00:00"}
{"message": "OrgMember.role remote columns [role.id]", "severity": "INFO", "module": "relationships", "funcName": "_log_joins", "lineno": 2363, "ts": "2026-07-13T11:36:57.259109+00:00"}
{"message": "OrgMember.role local columns [org_member.role_id]", "severity": "INFO", "module": "relationships", "funcName": "_log_joins", "lineno": 2368, "ts": "2026-07-13T11:36:57.259145+00:00"}
{"message": "OrgMember.role relationship direction RelationshipDirection.MANYTOONE", "severity": "INFO", "module": "relationships", "funcName": "_log_joins", "lineno": 2373, "ts": "2026-07-13T11:36:57.259169+00:00"}
{"message": "OrgMember.role lazy loading clause role.id = :param_1", "severity": "INFO", "module": "strategies", "funcName": "__init__", "lineno": 738, "ts": "2026-07-13T11:36:57.259282+00:00"}
{"message": "OrgMember.role will use Session.get() to optimize instance loads", "severity": "INFO", "module": "strategies", "funcName": "__init__", "lineno": 764, "ts": "2026-07-13T11:36:57.259442+00:00"}
{"message": "Role.users setup primary join role.id = \"user\".role_id", "severity": "INFO", "module": "relationships", "funcName": "_log_joins", "lineno": 2339, "ts": "2026-07-13T11:36:57.260953+00:00"}
{"message": "Role.users setup secondary join None", "severity": "INFO", "module": "relationships", "funcName": "_log_joins", "lineno": 2340, "ts": "2026-07-13T11:36:57.261052+00:00"}
{"message": "Role.users synchronize pairs [(role.id => user.role_id)]", "severity": "INFO", "module": "relationships", "funcName": "_log_joins", "lineno": 2341, "ts": "2026-07-13T11:36:57.261089+00:00"}
{"message": "Role.users secondary synchronize pairs []", "severity": "INFO", "module": "relationships", "funcName": "_log_joins", "lineno": 2348, "ts": "2026-07-13T11:36:57.261115+00:00"}
{"message": "Role.users local/remote pairs [(role.id / user.role_id)]", "severity": "INFO", "module": "relationships", "funcName": "_log_joins", "lineno": 2356, "ts": "2026-07-13T11:36:57.261141+00:00"}
{"message": "Role.users remote columns [user.role_id]", "severity": "INFO", "module": "relationships", "funcName": "_log_joins", "lineno": 2363, "ts": "2026-07-13T11:36:57.261178+00:00"}
{"message": "Role.users local columns [role.id]", "severity": "INFO", "module": "relationships", "funcName": "_log_joins", "lineno": 2368, "ts": "2026-07-13T11:36:57.261218+00:00"}
{"message": "Role.users relationship direction RelationshipDirection.ONETOMANY", "severity": "INFO", "module": "relationships", "funcName": "_log_joins", "lineno": 2373, "ts": "2026-07-13T11:36:57.261240+00:00"}
{"message": "Role.users lazy loading clause :param_1 = \"user\".role_id", "severity": "INFO", "module": "strategies", "funcName": "__init__", "lineno": 738, "ts": "2026-07-13T11:36:57.261394+00:00"}
{"message": "Role.org_members setup primary join role.id = org_member.role_id", "severity": "INFO", "module": "relationships", "funcName": "_log_joins", "lineno": 2339, "ts": "2026-07-13T11:36:57.261938+00:00"}
{"message": "Role.org_members setup secondary join None", "severity": "INFO", "module": "relationships", "funcName": "_log_joins", "lineno": 2340, "ts": "2026-07-13T11:36:57.262021+00:00"}
{"message": "Role.org_members synchronize pairs [(role.id => org_member.role_id)]", "severity": "INFO", "module": "relationships", "funcName": "_log_joins", "lineno": 2341, "ts": "2026-07-13T11:36:57.262054+00:00"}
{"message": "Role.org_members secondary synchronize pairs []", "severity": "INFO", "module": "relationships", "funcName": "_log_joins", "lineno": 2348, "ts": "2026-07-13T11:36:57.262079+00:00"}
{"message": "Role.org_members local/remote pairs [(role.id / org_member.role_id)]", "severity": "INFO", "module": "relationships", "funcName": "_log_joins", "lineno": 2356, "ts": "2026-07-13T11:36:57.262104+00:00"}
{"message": "Role.org_members remote columns [org_member.role_id]", "severity": "INFO", "module": "relationships", "funcName": "_log_joins", "lineno": 2363, "ts": "2026-07-13T11:36:57.262138+00:00"}
{"message": "Role.org_members local columns [role.id]", "severity": "INFO", "module": "relationships", "funcName": "_log_joins", "lineno": 2368, "ts": "2026-07-13T11:36:57.262171+00:00"}
{"message": "Role.org_members relationship direction RelationshipDirection.ONETOMANY", "severity": "INFO", "module": "relationships", "funcName": "_log_joins", "lineno": 2373, "ts": "2026-07-13T11:36:57.262194+00:00"}
{"message": "Role.org_members lazy loading clause :param_1 = org_member.role_id", "severity": "INFO", "module": "strategies", "funcName": "__init__", "lineno": 738, "ts": "2026-07-13T11:36:57.262339+00:00"}
{"message": "SlackConversation.org setup primary join org.id = slack_conversation.org_id", "severity": "INFO", "module": "relationships", "funcName": "_log_joins", "lineno": 2339, "ts": "2026-07-13T11:36:57.263027+00:00"}
{"message": "SlackConversation.org setup secondary join None", "severity": "INFO", "module": "relationships", "funcName": "_log_joins", "lineno": 2340, "ts": "2026-07-13T11:36:57.263113+00:00"}
{"message": "SlackConversation.org synchronize pairs [(org.id => slack_conversation.org_id)]", "severity": "INFO", "module": "relationships", "funcName": "_log_joins", "lineno": 2341, "ts": "2026-07-13T11:36:57.263146+00:00"}
{"message": "SlackConversation.org secondary synchronize pairs []", "severity": "INFO", "module": "relationships", "funcName": "_log_joins", "lineno": 2348, "ts": "2026-07-13T11:36:57.263170+00:00"}
{"message": "SlackConversation.org local/remote pairs [(slack_conversation.org_id / org.id)]", "severity": "INFO", "module": "relationships", "funcName": "_log_joins", "lineno": 2356, "ts": "2026-07-13T11:36:57.263194+00:00"}
{"message": "SlackConversation.org remote columns [org.id]", "severity": "INFO", "module": "relationships", "funcName": "_log_joins", "lineno": 2363, "ts": "2026-07-13T11:36:57.263230+00:00"}
{"message": "SlackConversation.org local columns [slack_conversation.org_id]", "severity": "INFO", "module": "relationships", "funcName": "_log_joins", "lineno": 2368, "ts": "2026-07-13T11:36:57.263262+00:00"}
{"message": "SlackConversation.org relationship direction RelationshipDirection.MANYTOONE", "severity": "INFO", "module": "relationships", "funcName": "_log_joins", "lineno": 2373, "ts": "2026-07-13T11:36:57.263283+00:00"}
{"message": "SlackConversation.org lazy loading clause org.id = :param_1", "severity": "INFO", "module": "strategies", "funcName": "__init__", "lineno": 738, "ts": "2026-07-13T11:36:57.263445+00:00"}
{"message": "SlackConversation.org will use Session.get() to optimize instance loads", "severity": "INFO", "module": "strategies", "funcName": "__init__", "lineno": 764, "ts": "2026-07-13T11:36:57.263608+00:00"}
{"message": "SlackUser.org setup primary join org.id = slack_users.org_id", "severity": "INFO", "module": "relationships", "funcName": "_log_joins", "lineno": 2339, "ts": "2026-07-13T11:36:57.264492+00:00"}
{"message": "SlackUser.org setup secondary join None", "severity": "INFO", "module": "relationships", "funcName": "_log_joins", "lineno": 2340, "ts": "2026-07-13T11:36:57.264593+00:00"}
{"message": "SlackUser.org synchronize pairs [(org.id => slack_users.org_id)]", "severity": "INFO", "module": "relationships", "funcName": "_log_joins", "lineno": 2341, "ts": "2026-07-13T11:36:57.264627+00:00"}
{"message": "SlackUser.org secondary synchronize pairs []", "severity": "INFO", "module": "relationships", "funcName": "_log_joins", "lineno": 2348, "ts": "2026-07-13T11:36:57.264653+00:00"}
{"message": "SlackUser.org local/remote pairs [(slack_users.org_id / org.id)]", "severity": "INFO", "module": "relationships", "funcName": "_log_joins", "lineno": 2356, "ts": "2026-07-13T11:36:57.264677+00:00"}
{"message": "SlackUser.org remote columns [org.id]", "severity": "INFO", "module": "relationships", "funcName": "_log_joins", "lineno": 2363, "ts": "2026-07-13T11:36:57.264715+00:00"}
{"message": "SlackUser.org local columns [slack_users.org_id]", "severity": "INFO", "module": "relationships", "funcName": "_log_joins", "lineno": 2368, "ts": "2026-07-13T11:36:57.264750+00:00"}
{"message": "SlackUser.org relationship direction RelationshipDirection.MANYTOONE", "severity": "INFO", "module": "relationships", "funcName": "_log_joins", "lineno": 2373, "ts": "2026-07-13T11:36:57.264773+00:00"}
{"message": "SlackUser.org lazy loading clause org.id = :param_1", "severity": "INFO", "module": "strategies", "funcName": "__init__", "lineno": 738, "ts": "2026-07-13T11:36:57.264911+00:00"}
{"message": "SlackUser.org will use Session.get() to optimize instance loads", "severity": "INFO", "module": "strategies", "funcName": "__init__", "lineno": 764, "ts": "2026-07-13T11:36:57.265044+00:00"}
{"message": "StoredConversationMetadataSaas.user setup primary join \"user\".id = conversation_metadata_saas.user_id", "severity": "INFO", "module": "relationships", "funcName": "_log_joins", "lineno": 2339, "ts": "2026-07-13T11:36:57.267123+00:00"}
{"message": "StoredConversationMetadataSaas.user setup secondary join None", "severity": "INFO", "module": "relationships", "funcName": "_log_joins", "lineno": 2340, "ts": "2026-07-13T11:36:57.267233+00:00"}
{"message": "StoredConversationMetadataSaas.user synchronize pairs [(user.id => conversation_metadata_saas.user_id)]", "severity": "INFO", "module": "relationships", "funcName": "_log_joins", "lineno": 2341, "ts": "2026-07-13T11:36:57.267272+00:00"}
{"message": "StoredConversationMetadataSaas.user secondary synchronize pairs []", "severity": "INFO", "module": "relationships", "funcName": "_log_joins", "lineno": 2348, "ts": "2026-07-13T11:36:57.267298+00:00"}
{"message": "StoredConversationMetadataSaas.user local/remote pairs [(conversation_metadata_saas.user_id / user.id)]", "severity": "INFO", "module": "relationships", "funcName": "_log_joins", "lineno": 2356, "ts": "2026-07-13T11:36:57.267348+00:00"}
{"message": "StoredConversationMetadataSaas.user remote columns [user.id]", "severity": "INFO", "module": "relationships", "funcName": "_log_joins", "lineno": 2363, "ts": "2026-07-13T11:36:57.267389+00:00"}
{"message": "StoredConversationMetadataSaas.user local columns [conversation_metadata_saas.user_id]", "severity": "INFO", "module": "relationships", "funcName": "_log_joins", "lineno": 2368, "ts": "2026-07-13T11:36:57.267424+00:00"}
{"message": "StoredConversationMetadataSaas.user relationship direction RelationshipDirection.MANYTOONE", "severity": "INFO", "module": "relationships", "funcName": "_log_joins", "lineno": 2373, "ts": "2026-07-13T11:36:57.267447+00:00"}
{"message": "StoredConversationMetadataSaas.user lazy loading clause \"user\".id = :param_1", "severity": "INFO", "module": "strategies", "funcName": "__init__", "lineno": 738, "ts": "2026-07-13T11:36:57.267588+00:00"}
{"message": "StoredConversationMetadataSaas.user will use Session.get() to optimize instance loads", "severity": "INFO", "module": "strategies", "funcName": "__init__", "lineno": 764, "ts": "2026-07-13T11:36:57.267739+00:00"}
{"message": "StoredConversationMetadataSaas.org setup primary join org.id = conversation_metadata_saas.org_id", "severity": "INFO", "module": "relationships", "funcName": "_log_joins", "lineno": 2339, "ts": "2026-07-13T11:36:57.268183+00:00"}
{"message": "StoredConversationMetadataSaas.org setup secondary join None", "severity": "INFO", "module": "relationships", "funcName": "_log_joins", "lineno": 2340, "ts": "2026-07-13T11:36:57.268269+00:00"}
{"message": "StoredConversationMetadataSaas.org synchronize pairs [(org.id => conversation_metadata_saas.org_id)]", "severity": "INFO", "module": "relationships", "funcName": "_log_joins", "lineno": 2341, "ts": "2026-07-13T11:36:57.268303+00:00"}
{"message": "StoredConversationMetadataSaas.org secondary synchronize pairs []", "severity": "INFO", "module": "relationships", "funcName": "_log_joins", "lineno": 2348, "ts": "2026-07-13T11:36:57.268353+00:00"}
{"message": "StoredConversationMetadataSaas.org local/remote pairs [(conversation_metadata_saas.org_id / org.id)]", "severity": "INFO", "module": "relationships", "funcName": "_log_joins", "lineno": 2356, "ts": "2026-07-13T11:36:57.268379+00:00"}
{"message": "StoredConversationMetadataSaas.org remote columns [org.id]", "severity": "INFO", "module": "relationships", "funcName": "_log_joins", "lineno": 2363, "ts": "2026-07-13T11:36:57.268416+00:00"}
{"message": "StoredConversationMetadataSaas.org local columns [conversation_metadata_saas.org_id]", "severity": "INFO", "module": "relationships", "funcName": "_log_joins", "lineno": 2368, "ts": "2026-07-13T11:36:57.268451+00:00"}
{"message": "StoredConversationMetadataSaas.org relationship direction RelationshipDirection.MANYTOONE", "severity": "INFO", "module": "relationships", "funcName": "_log_joins", "lineno": 2373, "ts": "2026-07-13T11:36:57.268473+00:00"}
{"message": "StoredConversationMetadataSaas.org lazy loading clause org.id = :param_1", "severity": "INFO", "module": "strategies", "funcName": "__init__", "lineno": 738, "ts": "2026-07-13T11:36:57.268623+00:00"}
{"message": "StoredConversationMetadataSaas.org will use Session.get() to optimize instance loads", "severity": "INFO", "module": "strategies", "funcName": "__init__", "lineno": 764, "ts": "2026-07-13T11:36:57.268760+00:00"}
{"message": "StoredCustomSecrets.org setup primary join org.id = custom_secrets.org_id", "severity": "INFO", "module": "relationships", "funcName": "_log_joins", "lineno": 2339, "ts": "2026-07-13T11:36:57.269329+00:00"}
{"message": "StoredCustomSecrets.org setup secondary join None", "severity": "INFO", "module": "relationships", "funcName": "_log_joins", "lineno": 2340, "ts": "2026-07-13T11:36:57.269418+00:00"}
{"message": "StoredCustomSecrets.org synchronize pairs [(org.id => custom_secrets.org_id)]", "severity": "INFO", "module": "relationships", "funcName": "_log_joins", "lineno": 2341, "ts": "2026-07-13T11:36:57.269450+00:00"}
{"message": "StoredCustomSecrets.org secondary synchronize pairs []", "severity": "INFO", "module": "relationships", "funcName": "_log_joins", "lineno": 2348, "ts": "2026-07-13T11:36:57.269475+00:00"}
{"message": "StoredCustomSecrets.org local/remote pairs [(custom_secrets.org_id / org.id)]", "severity": "INFO", "module": "relationships", "funcName": "_log_joins", "lineno": 2356, "ts": "2026-07-13T11:36:57.269504+00:00"}
{"message": "StoredCustomSecrets.org remote columns [org.id]", "severity": "INFO", "module": "relationships", "funcName": "_log_joins", "lineno": 2363, "ts": "2026-07-13T11:36:57.269540+00:00"}
{"message": "StoredCustomSecrets.org local columns [custom_secrets.org_id]", "severity": "INFO", "module": "relationships", "funcName": "_log_joins", "lineno": 2368, "ts": "2026-07-13T11:36:57.269588+00:00"}
{"message": "StoredCustomSecrets.org relationship direction RelationshipDirection.MANYTOONE", "severity": "INFO", "module": "relationships", "funcName": "_log_joins", "lineno": 2373, "ts": "2026-07-13T11:36:57.269613+00:00"}
{"message": "StoredCustomSecrets.org lazy loading clause org.id = :param_1", "severity": "INFO", "module": "strategies", "funcName": "__init__", "lineno": 738, "ts": "2026-07-13T11:36:57.269755+00:00"}
{"message": "StoredCustomSecrets.org will use Session.get() to optimize instance loads", "severity": "INFO", "module": "strategies", "funcName": "__init__", "lineno": 764, "ts": "2026-07-13T11:36:57.269883+00:00"}
{"message": "StripeCustomer.org setup primary join org.id = stripe_customers.org_id", "severity": "INFO", "module": "relationships", "funcName": "_log_joins", "lineno": 2339, "ts": "2026-07-13T11:36:57.270915+00:00"}
{"message": "StripeCustomer.org setup secondary join None", "severity": "INFO", "module": "relationships", "funcName": "_log_joins", "lineno": 2340, "ts": "2026-07-13T11:36:57.271008+00:00"}
{"message": "StripeCustomer.org synchronize pairs [(org.id => stripe_customers.org_id)]", "severity": "INFO", "module": "relationships", "funcName": "_log_joins", "lineno": 2341, "ts": "2026-07-13T11:36:57.271043+00:00"}
{"message": "StripeCustomer.org secondary synchronize pairs []", "severity": "INFO", "module": "relationships", "funcName": "_log_joins", "lineno": 2348, "ts": "2026-07-13T11:36:57.271069+00:00"}
{"message": "StripeCustomer.org local/remote pairs [(stripe_customers.org_id / org.id)]", "severity": "INFO", "module": "relationships", "funcName": "_log_joins", "lineno": 2356, "ts": "2026-07-13T11:36:57.271096+00:00"}
{"message": "StripeCustomer.org remote columns [org.id]", "severity": "INFO", "module": "relationships", "funcName": "_log_joins", "lineno": 2363, "ts": "2026-07-13T11:36:57.271133+00:00"}
{"message": "StripeCustomer.org local columns [stripe_customers.org_id]", "severity": "INFO", "module": "relationships", "funcName": "_log_joins", "lineno": 2368, "ts": "2026-07-13T11:36:57.271167+00:00"}
{"message": "StripeCustomer.org relationship direction RelationshipDirection.MANYTOONE", "severity": "INFO", "module": "relationships", "funcName": "_log_joins", "lineno": 2373, "ts": "2026-07-13T11:36:57.271188+00:00"}
{"message": "StripeCustomer.org lazy loading clause org.id = :param_1", "severity": "INFO", "module": "strategies", "funcName": "__init__", "lineno": 738, "ts": "2026-07-13T11:36:57.271355+00:00"}
{"message": "StripeCustomer.org will use Session.get() to optimize instance loads", "severity": "INFO", "module": "strategies", "funcName": "__init__", "lineno": 764, "ts": "2026-07-13T11:36:57.271493+00:00"}
{"message": "User.role setup primary join role.id = \"user\".role_id", "severity": "INFO", "module": "relationships", "funcName": "_log_joins", "lineno": 2339, "ts": "2026-07-13T11:36:57.272563+00:00"}
{"message": "User.role setup secondary join None", "severity": "INFO", "module": "relationships", "funcName": "_log_joins", "lineno": 2340, "ts": "2026-07-13T11:36:57.272663+00:00"}
{"message": "User.role synchronize pairs [(role.id => user.role_id)]", "severity": "INFO", "module": "relationships", "funcName": "_log_joins", "lineno": 2341, "ts": "2026-07-13T11:36:57.272716+00:00"}
{"message": "User.role secondary synchronize pairs []", "severity": "INFO", "module": "relationships", "funcName": "_log_joins", "lineno": 2348, "ts": "2026-07-13T11:36:57.272759+00:00"}
{"message": "User.role local/remote pairs [(user.role_id / role.id)]", "severity": "INFO", "module": "relationships", "funcName": "_log_joins", "lineno": 2356, "ts": "2026-07-13T11:36:57.272791+00:00"}
{"message": "User.role remote columns [role.id]", "severity": "INFO", "module": "relationships", "funcName": "_log_joins", "lineno": 2363, "ts": "2026-07-13T11:36:57.272831+00:00"}
{"message": "User.role local columns [user.role_id]", "severity": "INFO", "module": "relationships", "funcName": "_log_joins", "lineno": 2368, "ts": "2026-07-13T11:36:57.272876+00:00"}
{"message": "User.role relationship direction RelationshipDirection.MANYTOONE", "severity": "INFO", "module": "relationships", "funcName": "_log_joins", "lineno": 2373, "ts": "2026-07-13T11:36:57.272900+00:00"}
{"message": "User.role lazy loading clause role.id = :param_1", "severity": "INFO", "module": "strategies", "funcName": "__init__", "lineno": 738, "ts": "2026-07-13T11:36:57.273054+00:00"}
{"message": "User.role will use Session.get() to optimize instance loads", "severity": "INFO", "module": "strategies", "funcName": "__init__", "lineno": 764, "ts": "2026-07-13T11:36:57.273238+00:00"}
{"message": "User.org_members setup primary join \"user\".id = org_member.user_id", "severity": "INFO", "module": "relationships", "funcName": "_log_joins", "lineno": 2339, "ts": "2026-07-13T11:36:57.273700+00:00"}
{"message": "User.org_members setup secondary join None", "severity": "INFO", "module": "relationships", "funcName": "_log_joins", "lineno": 2340, "ts": "2026-07-13T11:36:57.273783+00:00"}
{"message": "User.org_members synchronize pairs [(user.id => org_member.user_id)]", "severity": "INFO", "module": "relationships", "funcName": "_log_joins", "lineno": 2341, "ts": "2026-07-13T11:36:57.273815+00:00"}
{"message": "User.org_members secondary synchronize pairs []", "severity": "INFO", "module": "relationships", "funcName": "_log_joins", "lineno": 2348, "ts": "2026-07-13T11:36:57.273839+00:00"}
{"message": "User.org_members local/remote pairs [(user.id / org_member.user_id)]", "severity": "INFO", "module": "relationships", "funcName": "_log_joins", "lineno": 2356, "ts": "2026-07-13T11:36:57.273863+00:00"}
{"message": "User.org_members remote columns [org_member.user_id]", "severity": "INFO", "module": "relationships", "funcName": "_log_joins", "lineno": 2363, "ts": "2026-07-13T11:36:57.273897+00:00"}
{"message": "User.org_members local columns [user.id]", "severity": "INFO", "module": "relationships", "funcName": "_log_joins", "lineno": 2368, "ts": "2026-07-13T11:36:57.273929+00:00"}
{"message": "User.org_members relationship direction RelationshipDirection.ONETOMANY", "severity": "INFO", "module": "relationships", "funcName": "_log_joins", "lineno": 2373, "ts": "2026-07-13T11:36:57.273951+00:00"}
{"message": "User.org_members lazy loading clause :param_1 = org_member.user_id", "severity": "INFO", "module": "strategies", "funcName": "__init__", "lineno": 738, "ts": "2026-07-13T11:36:57.274076+00:00"}
{"message": "User.current_org setup primary join org.id = \"user\".current_org_id", "severity": "INFO", "module": "relationships", "funcName": "_log_joins", "lineno": 2339, "ts": "2026-07-13T11:36:57.274575+00:00"}
{"message": "User.current_org setup secondary join None", "severity": "INFO", "module": "relationships", "funcName": "_log_joins", "lineno": 2340, "ts": "2026-07-13T11:36:57.274657+00:00"}
{"message": "User.current_org synchronize pairs [(org.id => user.current_org_id)]", "severity": "INFO", "module": "relationships", "funcName": "_log_joins", "lineno": 2341, "ts": "2026-07-13T11:36:57.274687+00:00"}
{"message": "User.current_org secondary synchronize pairs []", "severity": "INFO", "module": "relationships", "funcName": "_log_joins", "lineno": 2348, "ts": "2026-07-13T11:36:57.274715+00:00"}
{"message": "User.current_org local/remote pairs [(user.current_org_id / org.id)]", "severity": "INFO", "module": "relationships", "funcName": "_log_joins", "lineno": 2356, "ts": "2026-07-13T11:36:57.274739+00:00"}
{"message": "User.current_org remote columns [org.id]", "severity": "INFO", "module": "relationships", "funcName": "_log_joins", "lineno": 2363, "ts": "2026-07-13T11:36:57.274772+00:00"}
{"message": "User.current_org local columns [user.current_org_id]", "severity": "INFO", "module": "relationships", "funcName": "_log_joins", "lineno": 2368, "ts": "2026-07-13T11:36:57.274804+00:00"}
{"message": "User.current_org relationship direction RelationshipDirection.MANYTOONE", "severity": "INFO", "module": "relationships", "funcName": "_log_joins", "lineno": 2373, "ts": "2026-07-13T11:36:57.274829+00:00"}
{"message": "User.current_org lazy loading clause org.id = :param_1", "severity": "INFO", "module": "strategies", "funcName": "__init__", "lineno": 738, "ts": "2026-07-13T11:36:57.274960+00:00"}
{"message": "User.current_org will use Session.get() to optimize instance loads", "severity": "INFO", "module": "strategies", "funcName": "__init__", "lineno": 764, "ts": "2026-07-13T11:36:57.275091+00:00"}
{"message": "User.stored_conversation_metadata_saas setup primary join \"user\".id = conversation_metadata_saas.user_id", "severity": "INFO", "module": "relationships", "funcName": "_log_joins", "lineno": 2339, "ts": "2026-07-13T11:36:57.275554+00:00"}
{"message": "User.stored_conversation_metadata_saas setup secondary join None", "severity": "INFO", "module": "relationships", "funcName": "_log_joins", "lineno": 2340, "ts": "2026-07-13T11:36:57.275644+00:00"}
{"message": "User.stored_conversation_metadata_saas synchronize pairs [(user.id => conversation_metadata_saas.user_id)]", "severity": "INFO", "module": "relationships", "funcName": "_log_joins", "lineno": 2341, "ts": "2026-07-13T11:36:57.275676+00:00"}
{"message": "User.stored_conversation_metadata_saas secondary synchronize pairs []", "severity": "INFO", "module": "relationships", "funcName": "_log_joins", "lineno": 2348, "ts": "2026-07-13T11:36:57.275700+00:00"}
{"message": "User.stored_conversation_metadata_saas local/remote pairs [(user.id / conversation_metadata_saas.user_id)]", "severity": "INFO", "module": "relationships", "funcName": "_log_joins", "lineno": 2356, "ts": "2026-07-13T11:36:57.275723+00:00"}
{"message": "User.stored_conversation_metadata_saas remote columns [conversation_metadata_saas.user_id]", "severity": "INFO", "module": "relationships", "funcName": "_log_joins", "lineno": 2363, "ts": "2026-07-13T11:36:57.275757+00:00"}
{"message": "User.stored_conversation_metadata_saas local columns [user.id]", "severity": "INFO", "module": "relationships", "funcName": "_log_joins", "lineno": 2368, "ts": "2026-07-13T11:36:57.275795+00:00"}
{"message": "User.stored_conversation_metadata_saas relationship direction RelationshipDirection.ONETOMANY", "severity": "INFO", "module": "relationships", "funcName": "_log_joins", "lineno": 2373, "ts": "2026-07-13T11:36:57.275818+00:00"}
{"message": "User.stored_conversation_metadata_saas lazy loading clause :param_1 = conversation_metadata_saas.user_id", "severity": "INFO", "module": "strategies", "funcName": "__init__", "lineno": 738, "ts": "2026-07-13T11:36:57.275942+00:00"}
{"message": "Retry attempt 1 due to error: Multiple exceptions: [Errno 111] Connect call failed ('127.0.0.1', 6379), [Errno 99] Cannot assign requested address", "severity": "INFO", "module": "retry", "funcName": "call_with_retries", "lineno": 57, "ts": "2026-07-13T11:36:57.289874+00:00"}
{"message": "Retry attempt 2 due to error: Multiple exceptions: [Errno 111] Connect call failed ('127.0.0.1', 6379), [Errno 99] Cannot assign requested address", "severity": "INFO", "module": "retry", "funcName": "call_with_retries", "lineno": 57, "ts": "2026-07-13T11:36:57.300753+00:00"}
{"message": "Retry attempt 3 due to error: Multiple exceptions: [Errno 111] Connect call failed ('127.0.0.1', 6379), [Errno 99] Cannot assign requested address", "severity": "INFO", "module": "retry", "funcName": "call_with_retries", "lineno": 57, "ts": "2026-07-13T11:36:57.311542+00:00"}
{"message": "Rate limit check could not complete, redis issue?", "severity": "ERROR", "module": "rate_limit", "funcName": "hit", "lineno": 68, "exc_info": "Traceback (most recent call last):\n  File \"/home/openhands/.cache/pypoetry/virtualenvs/enterprise-server-HD3KviQY-py3.13/lib/python3.13/site-packages/coredis/connection.py\", line 287, in connect\n    await self._connect()\n  File \"/home/openhands/.cache/pypoetry/virtualenvs/enterprise-server-HD3KviQY-py3.13/lib/python3.13/site-packages/coredis/connection.py\", line 781, in _connect\n    transport, _ = await connection\n                   ^^^^^^^^^^^^^^^^\n  File \"/usr/local/lib/python3.13/asyncio/base_events.py\", line 1179, in create_connection\n    raise OSError('Multiple exceptions: {}'.format(\n        ', '.join(str(exc) for exc in exceptions)))\nOSError: Multiple exceptions: [Errno 111] Connect call failed ('127.0.0.1', 6379), [Errno 99] Cannot assign requested address\n\nThe above exception was the direct cause of the following exception:\n\nTraceback (most recent call last):\n  File \"/workspace/project/OpenHands/enterprise/server/rate_limit.py\", line 66, in hit\n    allowed = await self.strategy.hit(lim, namespace, key)\n              ^^^^^^^^^^^^^^^^^^^^^^^^^^^^^^^^^^^^^^^^^^^^\n  File \"/home/openhands/.cache/pypoetry/virtualenvs/enterprise-server-HD3KviQY-py3.13/lib/python3.13/site-packages/limits/aio/strategies.py\", line 160, in hit\n    await self.storage.incr(\n    ...<3 lines>...\n    )\n  File \"/home/openhands/.cache/pypoetry/virtualenvs/enterprise-server-HD3KviQY-py3.13/lib/python3.13/site-packages/limits/aio/storage/base.py\", line 28, in inner\n    return await fn(*args, **kwargs)\n           ^^^^^^^^^^^^^^^^^^^^^^^^^\n  File \"/home/openhands/.cache/pypoetry/virtualenvs/enterprise-server-HD3KviQY-py3.13/lib/python3.13/site-packages/limits/aio/storage/redis/__init__.py\", line 163, in incr\n    return await self.bridge.incr(key, expiry, amount)\n           ^^^^^^^^^^^^^^^^^^^^^^^^^^^^^^^^^^^^^^^^^^^\n  File \"/home/openhands/.cache/pypoetry/virtualenvs/enterprise-server-HD3KviQY-py3.13/lib/python3.13/site-packages/limits/aio/storage/redis/coredis.py\", line 117, in incr\n    if (value := await self.get_connection().incrby(key, amount)) == amount:\n                 ^^^^^^^^^^^^^^^^^^^^^^^^^^^^^^^^^^^^^^^^^^^^^^^\n  File \"/home/openhands/.cache/pypoetry/virtualenvs/enterprise-server-HD3KviQY-py3.13/lib/python3.13/site-packages/coredis/commands/_wrappers.py\", line 206, in wrapped\n    async with command_cache(callable, *args, **kwargs) as response:\n               ~~~~~~~~~~~~~^^^^^^^^^^^^^^^^^^^^^^^^^^^\n  File \"/usr/local/lib/python3.13/contextlib.py\", line 214, in __aenter__\n    return await anext(self.gen)\n           ^^^^^^^^^^^^^^^^^^^^^\n  File \"/home/openhands/.cache/pypoetry/virtualenvs/enterprise-server-HD3KviQY-py3.13/lib/python3.13/site-packages/coredis/commands/_wrappers.py\", line 103, in __call__\n    yield await func(*args, **kwargs)\n          ^^^^^^^^^^^^^^^^^^^^^^^^^^^\n  File \"/home/openhands/.cache/pypoetry/virtualenvs/enterprise-server-HD3KviQY-py3.13/lib/python3.13/site-packages/coredis/commands/core.py\", line 349, in incrby\n    return await self.execute_command(\n           ^^^^^^^^^^^^^^^^^^^^^^^^^^^\n        CommandName.INCRBY, key, increment, callback=IntCallback()\n        ^^^^^^^^^^^^^^^^^^^^^^^^^^^^^^^^^^^^^^^^^^^^^^^^^^^^^^^^^^\n    )\n    ^\n  File \"/home/openhands/.cache/pypoetry/virtualenvs/enterprise-server-HD3KviQY-py3.13/lib/python3.13/site-packages/coredis/client/basic.py\", line 945, in execute_command\n    return await self.retry_policy.call_with_retries(\n           ^^^^^^^^^^^^^^^^^^^^^^^^^^^^^^^^^^^^^^^^^^\n    ...<2 lines>...\n    )\n    ^\n  File \"/home/openhands/.cache/pypoetry/virtualenvs/enterprise-server-HD3KviQY-py3.13/lib/python3.13/site-packages/coredis/retry.py\", line 71, in call_with_retries\n    raise last_error\n  File \"/home/openhands/.cache/pypoetry/virtualenvs/enterprise-server-HD3KviQY-py3.13/lib/python3.13/site-packages/coredis/retry.py\", line 55, in call_with_retries\n    return await func()\n           ^^^^^^^^^^^^\n  File \"/home/openhands/.cache/pypoetry/virtualenvs/enterprise-server-HD3KviQY-py3.13/lib/python3.13/site-packages/coredis/client/basic.py\", line 974, in _execute_command\n    request = await connection.create_request(\n              ^^^^^^^^^^^^^^^^^^^^^^^^^^^^^^^^\n    ...<5 lines>...\n    )\n    ^\n  File \"/home/openhands/.cache/pypoetry/virtualenvs/enterprise-server-HD3KviQY-py3.13/lib/python3.13/site-packages/coredis/connection.py\", line 610, in create_request\n    await self.connect()\n  File \"/home/openhands/.cache/pypoetry/virtualenvs/enterprise-server-HD3KviQY-py3.13/lib/python3.13/site-packages/coredis/connection.py\", line 293, in connect\n    raise ConnectionError(str(err)) from err\ncoredis.exceptions.ConnectionError: Multiple exceptions: [Errno 111] Connect call failed ('127.0.0.1', 6379), [Errno 99] Cannot assign requested address", "ts": "2026-07-13T11:36:57.311683+00:00"}
{"message": "Retry attempt 1 due to error: Multiple exceptions: [Errno 111] Connect call failed ('127.0.0.1', 6379), [Errno 99] Cannot assign requested address", "severity": "INFO", "module": "retry", "funcName": "call_with_retries", "lineno": 57, "ts": "2026-07-13T11:36:57.316601+00:00"}
{"message": "Retry attempt 2 due to error: Multiple exceptions: [Errno 111] Connect call failed ('127.0.0.1', 6379), [Errno 99] Cannot assign requested address", "severity": "INFO", "module": "retry", "funcName": "call_with_retries", "lineno": 57, "ts": "2026-07-13T11:36:57.327303+00:00"}
{"message": "Retry attempt 3 due to error: Multiple exceptions: [Errno 111] Connect call failed ('127.0.0.1', 6379), [Errno 99] Cannot assign requested address", "severity": "INFO", "module": "retry", "funcName": "call_with_retries", "lineno": 57, "ts": "2026-07-13T11:36:57.338091+00:00"}
{"message": "Rate limit check could not complete, redis issue?", "severity": "ERROR", "module": "rate_limit", "funcName": "hit", "lineno": 68, "exc_info": "Traceback (most recent call last):\n  File \"/home/openhands/.cache/pypoetry/virtualenvs/enterprise-server-HD3KviQY-py3.13/lib/python3.13/site-packages/coredis/connection.py\", line 287, in connect\n    await self._connect()\n  File \"/home/openhands/.cache/pypoetry/virtualenvs/enterprise-server-HD3KviQY-py3.13/lib/python3.13/site-packages/coredis/connection.py\", line 781, in _connect\n    transport, _ = await connection\n                   ^^^^^^^^^^^^^^^^\n  File \"/usr/local/lib/python3.13/asyncio/base_events.py\", line 1179, in create_connection\n    raise OSError('Multiple exceptions: {}'.format(\n        ', '.join(str(exc) for exc in exceptions)))\nOSError: Multiple exceptions: [Errno 111] Connect call failed ('127.0.0.1', 6379), [Errno 99] Cannot assign requested address\n\nThe above exception was the direct cause of the following exception:\n\nTraceback (most recent call last):\n  File \"/workspace/project/OpenHands/enterprise/server/rate_limit.py\", line 66, in hit\n    allowed = await self.strategy.hit(lim, namespace, key)\n              ^^^^^^^^^^^^^^^^^^^^^^^^^^^^^^^^^^^^^^^^^^^^\n  File \"/home/openhands/.cache/pypoetry/virtualenvs/enterprise-server-HD3KviQY-py3.13/lib/python3.13/site-packages/limits/aio/strategies.py\", line 160, in hit\n    await self.storage.incr(\n    ...<3 lines>...\n    )\n  File \"/home/openhands/.cache/pypoetry/virtualenvs/enterprise-server-HD3KviQY-py3.13/lib/python3.13/site-packages/limits/aio/storage/base.py\", line 28, in inner\n    return await fn(*args, **kwargs)\n           ^^^^^^^^^^^^^^^^^^^^^^^^^\n  File \"/home/openhands/.cache/pypoetry/virtualenvs/enterprise-server-HD3KviQY-py3.13/lib/python3.13/site-packages/limits/aio/storage/redis/__init__.py\", line 163, in incr\n    return await self.bridge.incr(key, expiry, amount)\n           ^^^^^^^^^^^^^^^^^^^^^^^^^^^^^^^^^^^^^^^^^^^\n  File \"/home/openhands/.cache/pypoetry/virtualenvs/enterprise-server-HD3KviQY-py3.13/lib/python3.13/site-packages/limits/aio/storage/redis/coredis.py\", line 117, in incr\n    if (value := await self.get_connection().incrby(key, amount)) == amount:\n                 ^^^^^^^^^^^^^^^^^^^^^^^^^^^^^^^^^^^^^^^^^^^^^^^\n  File \"/home/openhands/.cache/pypoetry/virtualenvs/enterprise-server-HD3KviQY-py3.13/lib/python3.13/site-packages/coredis/commands/_wrappers.py\", line 206, in wrapped\n    async with command_cache(callable, *args, **kwargs) as response:\n               ~~~~~~~~~~~~~^^^^^^^^^^^^^^^^^^^^^^^^^^^\n  File \"/usr/local/lib/python3.13/contextlib.py\", line 214, in __aenter__\n    return await anext(self.gen)\n           ^^^^^^^^^^^^^^^^^^^^^\n  File \"/home/openhands/.cache/pypoetry/virtualenvs/enterprise-server-HD3KviQY-py3.13/lib/python3.13/site-packages/coredis/commands/_wrappers.py\", line 103, in __call__\n    yield await func(*args, **kwargs)\n          ^^^^^^^^^^^^^^^^^^^^^^^^^^^\n  File \"/home/openhands/.cache/pypoetry/virtualenvs/enterprise-server-HD3KviQY-py3.13/lib/python3.13/site-packages/coredis/commands/core.py\", line 349, in incrby\n    return await self.execute_command(\n           ^^^^^^^^^^^^^^^^^^^^^^^^^^^\n        CommandName.INCRBY, key, increment, callback=IntCallback()\n        ^^^^^^^^^^^^^^^^^^^^^^^^^^^^^^^^^^^^^^^^^^^^^^^^^^^^^^^^^^\n    )\n    ^\n  File \"/home/openhands/.cache/pypoetry/virtualenvs/enterprise-server-HD3KviQY-py3.13/lib/python3.13/site-packages/coredis/client/basic.py\", line 945, in execute_command\n    return await self.retry_policy.call_with_retries(\n           ^^^^^^^^^^^^^^^^^^^^^^^^^^^^^^^^^^^^^^^^^^\n    ...<2 lines>...\n    )\n    ^\n  File \"/home/openhands/.cache/pypoetry/virtualenvs/enterprise-server-HD3KviQY-py3.13/lib/python3.13/site-packages/coredis/retry.py\", line 71, in call_with_retries\n    raise last_error\n  File \"/home/openhands/.cache/pypoetry/virtualenvs/enterprise-server-HD3KviQY-py3.13/lib/python3.13/site-packages/coredis/retry.py\", line 55, in call_with_retries\n    return await func()\n           ^^^^^^^^^^^^\n  File \"/home/openhands/.cache/pypoetry/virtualenvs/enterprise-server-HD3KviQY-py3.13/lib/python3.13/site-packages/coredis/client/basic.py\", line 974, in _execute_command\n    request = await connection.create_request(\n              ^^^^^^^^^^^^^^^^^^^^^^^^^^^^^^^^\n    ...<5 lines>...\n    )\n    ^\n  File \"/home/openhands/.cache/pypoetry/virtualenvs/enterprise-server-HD3KviQY-py3.13/lib/python3.13/site-packages/coredis/connection.py\", line 610, in create_request\n    await self.connect()\n  File \"/home/openhands/.cache/pypoetry/virtualenvs/enterprise-server-HD3KviQY-py3.13/lib/python3.13/site-packages/coredis/connection.py\", line 293, in connect\n    raise ConnectionError(str(err)) from err\ncoredis.exceptions.ConnectionError: Multiple exceptions: [Errno 111] Connect call failed ('127.0.0.1', 6379), [Errno 99] Cannot assign requested address", "ts": "2026-07-13T11:36:57.338218+00:00"}
{"message": "Starting managed LLM API key refresh", "severity": "INFO", "module": "api_keys", "funcName": "refresh_managed_llm_api_key", "lineno": 453, "user_id": "11111111-1111-1111-1111-111111111111", "org_id": "aaaaaaaa-aaaa-aaaa-aaaa-aaaaaaaaaaa1", "ts": "2026-07-13T11:36:57.340264+00:00"}
{"message": "LiteLlmManager:_delete_key_by_alias:key_deleted", "severity": "INFO", "module": "lite_llm_manager", "funcName": "_delete_key_by_alias", "lineno": 1584, "key_alias": "OpenHands Cloud - user 11111111-1111-1111-1111-111111111111 - org aaaaaaaa-aaaa-aaaa-aaaa-aaaaaaaaaaa1", "ts": "2026-07-13T11:36:57.427538+00:00"}
{"message": "LiteLlmManager:_lite_llm_generate_user_team_key:key_created", "severity": "INFO", "module": "lite_llm_manager", "funcName": "_generate_key", "lineno": 1361, "user_id": "11111111-1111-1111-1111-111111111111", "team_id": "aaaaaaaa-aaaa-aaaa-aaaa-aaaaaaaaaaa1", "key_alias": "OpenHands Cloud - user 11111111-1111-1111-1111-111111111111 - org aaaaaaaa-aaaa-aaaa-aaaa-aaaaaaaaaaa1", "ts": "2026-07-13T11:36:57.435488+00:00"}
{"message": "saas_settings_store:rotate_managed_llm_key:rotated", "severity": "INFO", "module": "saas_settings_store", "funcName": "rotate_managed_llm_key", "lineno": 1032, "user_id": "11111111-1111-1111-1111-111111111111", "org_id": "aaaaaaaa-aaaa-aaaa-aaaa-aaaaaaaaaaa1", "ts": "2026-07-13T11:36:57.441499+00:00"}
{"message": "Managed LLM API key refresh completed successfully", "severity": "INFO", "module": "api_keys", "funcName": "refresh_managed_llm_api_key", "lineno": 496, "user_id": "11111111-1111-1111-1111-111111111111", "org_id": "aaaaaaaa-aaaa-aaaa-aaaa-aaaaaaaaaaa1", "ts": "2026-07-13T11:36:57.449468+00:00"}
{"message": "127.0.0.1:<port> - \"POST /api/keys/llm/managed/refresh HTTP/1.1\" 200", "severity": "INFO", "module": "h11_impl", "funcName": "send", "lineno": 480, "ts": "2026-07-13T11:36:57.450064+00:00"}
{"message": "Retry attempt 1 due to error: Multiple exceptions: [Errno 111] Connect call failed ('127.0.0.1', 6379), [Errno 99] Cannot assign requested address", "severity": "INFO", "module": "retry", "funcName": "call_with_retries", "lineno": 57, "ts": "2026-07-13T11:36:57.473449+00:00"}
{"message": "Retry attempt 2 due to error: Multiple exceptions: [Errno 111] Connect call failed ('127.0.0.1', 6379), [Errno 99] Cannot assign requested address", "severity": "INFO", "module": "retry", "funcName": "call_with_retries", "lineno": 57, "ts": "2026-07-13T11:36:57.484372+00:00"}
{"message": "Retry attempt 3 due to error: Multiple exceptions: [Errno 111] Connect call failed ('127.0.0.1', 6379), [Errno 99] Cannot assign requested address", "severity": "INFO", "module": "retry", "funcName": "call_with_retries", "lineno": 57, "ts": "2026-07-13T11:36:57.495397+00:00"}
{"message": "Rate limit check could not complete, redis issue?", "severity": "ERROR", "module": "rate_limit", "funcName": "hit", "lineno": 68, "exc_info": "Traceback (most recent call last):\n  File \"/home/openhands/.cache/pypoetry/virtualenvs/enterprise-server-HD3KviQY-py3.13/lib/python3.13/site-packages/coredis/connection.py\", line 287, in connect\n    await self._connect()\n  File \"/home/openhands/.cache/pypoetry/virtualenvs/enterprise-server-HD3KviQY-py3.13/lib/python3.13/site-packages/coredis/connection.py\", line 781, in _connect\n    transport, _ = await connection\n                   ^^^^^^^^^^^^^^^^\n  File \"/usr/local/lib/python3.13/asyncio/base_events.py\", line 1179, in create_connection\n    raise OSError('Multiple exceptions: {}'.format(\n        ', '.join(str(exc) for exc in exceptions)))\nOSError: Multiple exceptions: [Errno 111] Connect call failed ('127.0.0.1', 6379), [Errno 99] Cannot assign requested address\n\nThe above exception was the direct cause of the following exception:\n\nTraceback (most recent call last):\n  File \"/workspace/project/OpenHands/enterprise/server/rate_limit.py\", line 66, in hit\n    allowed = await self.strategy.hit(lim, namespace, key)\n              ^^^^^^^^^^^^^^^^^^^^^^^^^^^^^^^^^^^^^^^^^^^^\n  File \"/home/openhands/.cache/pypoetry/virtualenvs/enterprise-server-HD3KviQY-py3.13/lib/python3.13/site-packages/limits/aio/strategies.py\", line 160, in hit\n    await self.storage.incr(\n    ...<3 lines>...\n    )\n  File \"/home/openhands/.cache/pypoetry/virtualenvs/enterprise-server-HD3KviQY-py3.13/lib/python3.13/site-packages/limits/aio/storage/base.py\", line 28, in inner\n    return await fn(*args, **kwargs)\n           ^^^^^^^^^^^^^^^^^^^^^^^^^\n  File \"/home/openhands/.cache/pypoetry/virtualenvs/enterprise-server-HD3KviQY-py3.13/lib/python3.13/site-packages/limits/aio/storage/redis/__init__.py\", line 163, in incr\n    return await self.bridge.incr(key, expiry, amount)\n           ^^^^^^^^^^^^^^^^^^^^^^^^^^^^^^^^^^^^^^^^^^^\n  File \"/home/openhands/.cache/pypoetry/virtualenvs/enterprise-server-HD3KviQY-py3.13/lib/python3.13/site-packages/limits/aio/storage/redis/coredis.py\", line 117, in incr\n    if (value := await self.get_connection().incrby(key, amount)) == amount:\n                 ^^^^^^^^^^^^^^^^^^^^^^^^^^^^^^^^^^^^^^^^^^^^^^^\n  File \"/home/openhands/.cache/pypoetry/virtualenvs/enterprise-server-HD3KviQY-py3.13/lib/python3.13/site-packages/coredis/commands/_wrappers.py\", line 206, in wrapped\n    async with command_cache(callable, *args, **kwargs) as response:\n               ~~~~~~~~~~~~~^^^^^^^^^^^^^^^^^^^^^^^^^^^\n  File \"/usr/local/lib/python3.13/contextlib.py\", line 214, in __aenter__\n    return await anext(self.gen)\n           ^^^^^^^^^^^^^^^^^^^^^\n  File \"/home/openhands/.cache/pypoetry/virtualenvs/enterprise-server-HD3KviQY-py3.13/lib/python3.13/site-packages/coredis/commands/_wrappers.py\", line 103, in __call__\n    yield await func(*args, **kwargs)\n          ^^^^^^^^^^^^^^^^^^^^^^^^^^^\n  File \"/home/openhands/.cache/pypoetry/virtualenvs/enterprise-server-HD3KviQY-py3.13/lib/python3.13/site-packages/coredis/commands/core.py\", line 349, in incrby\n    return await self.execute_command(\n           ^^^^^^^^^^^^^^^^^^^^^^^^^^^\n        CommandName.INCRBY, key, increment, callback=IntCallback()\n        ^^^^^^^^^^^^^^^^^^^^^^^^^^^^^^^^^^^^^^^^^^^^^^^^^^^^^^^^^^\n    )\n    ^\n  File \"/home/openhands/.cache/pypoetry/virtualenvs/enterprise-server-HD3KviQY-py3.13/lib/python3.13/site-packages/coredis/client/basic.py\", line 945, in execute_command\n    return await self.retry_policy.call_with_retries(\n           ^^^^^^^^^^^^^^^^^^^^^^^^^^^^^^^^^^^^^^^^^^\n    ...<2 lines>...\n    )\n    ^\n  File \"/home/openhands/.cache/pypoetry/virtualenvs/enterprise-server-HD3KviQY-py3.13/lib/python3.13/site-packages/coredis/retry.py\", line 71, in call_with_retries\n    raise last_error\n  File \"/home/openhands/.cache/pypoetry/virtualenvs/enterprise-server-HD3KviQY-py3.13/lib/python3.13/site-packages/coredis/retry.py\", line 55, in call_with_retries\n    return await func()\n           ^^^^^^^^^^^^\n  File \"/home/openhands/.cache/pypoetry/virtualenvs/enterprise-server-HD3KviQY-py3.13/lib/python3.13/site-packages/coredis/client/basic.py\", line 974, in _execute_command\n    request = await connection.create_request(\n              ^^^^^^^^^^^^^^^^^^^^^^^^^^^^^^^^\n    ...<5 lines>...\n    )\n    ^\n  File \"/home/openhands/.cache/pypoetry/virtualenvs/enterprise-server-HD3KviQY-py3.13/lib/python3.13/site-packages/coredis/connection.py\", line 610, in create_request\n    await self.connect()\n  File \"/home/openhands/.cache/pypoetry/virtualenvs/enterprise-server-HD3KviQY-py3.13/lib/python3.13/site-packages/coredis/connection.py\", line 293, in connect\n    raise ConnectionError(str(err)) from err\ncoredis.exceptions.ConnectionError: Multiple exceptions: [Errno 111] Connect call failed ('127.0.0.1', 6379), [Errno 99] Cannot assign requested address", "ts": "2026-07-13T11:36:57.495532+00:00"}
{"message": "Retry attempt 1 due to error: Multiple exceptions: [Errno 111] Connect call failed ('127.0.0.1', 6379), [Errno 99] Cannot assign requested address", "severity": "INFO", "module": "retry", "funcName": "call_with_retries", "lineno": 57, "ts": "2026-07-13T11:36:57.498191+00:00"}
{"message": "Retry attempt 2 due to error: Multiple exceptions: [Errno 111] Connect call failed ('127.0.0.1', 6379), [Errno 99] Cannot assign requested address", "severity": "INFO", "module": "retry", "funcName": "call_with_retries", "lineno": 57, "ts": "2026-07-13T11:36:57.509043+00:00"}
{"message": "Retry attempt 3 due to error: Multiple exceptions: [Errno 111] Connect call failed ('127.0.0.1', 6379), [Errno 99] Cannot assign requested address", "severity": "INFO", "module": "retry", "funcName": "call_with_retries", "lineno": 57, "ts": "2026-07-13T11:36:57.519962+00:00"}
{"message": "Rate limit check could not complete, redis issue?", "severity": "ERROR", "module": "rate_limit", "funcName": "hit", "lineno": 68, "exc_info": "Traceback (most recent call last):\n  File \"/home/openhands/.cache/pypoetry/virtualenvs/enterprise-server-HD3KviQY-py3.13/lib/python3.13/site-packages/coredis/connection.py\", line 287, in connect\n    await self._connect()\n  File \"/home/openhands/.cache/pypoetry/virtualenvs/enterprise-server-HD3KviQY-py3.13/lib/python3.13/site-packages/coredis/connection.py\", line 781, in _connect\n    transport, _ = await connection\n                   ^^^^^^^^^^^^^^^^\n  File \"/usr/local/lib/python3.13/asyncio/base_events.py\", line 1179, in create_connection\n    raise OSError('Multiple exceptions: {}'.format(\n        ', '.join(str(exc) for exc in exceptions)))\nOSError: Multiple exceptions: [Errno 111] Connect call failed ('127.0.0.1', 6379), [Errno 99] Cannot assign requested address\n\nThe above exception was the direct cause of the following exception:\n\nTraceback (most recent call last):\n  File \"/workspace/project/OpenHands/enterprise/server/rate_limit.py\", line 66, in hit\n    allowed = await self.strategy.hit(lim, namespace, key)\n              ^^^^^^^^^^^^^^^^^^^^^^^^^^^^^^^^^^^^^^^^^^^^\n  File \"/home/openhands/.cache/pypoetry/virtualenvs/enterprise-server-HD3KviQY-py3.13/lib/python3.13/site-packages/limits/aio/strategies.py\", line 160, in hit\n    await self.storage.incr(\n    ...<3 lines>...\n    )\n  File \"/home/openhands/.cache/pypoetry/virtualenvs/enterprise-server-HD3KviQY-py3.13/lib/python3.13/site-packages/limits/aio/storage/base.py\", line 28, in inner\n    return await fn(*args, **kwargs)\n           ^^^^^^^^^^^^^^^^^^^^^^^^^\n  File \"/home/openhands/.cache/pypoetry/virtualenvs/enterprise-server-HD3KviQY-py3.13/lib/python3.13/site-packages/limits/aio/storage/redis/__init__.py\", line 163, in incr\n    return await self.bridge.incr(key, expiry, amount)\n           ^^^^^^^^^^^^^^^^^^^^^^^^^^^^^^^^^^^^^^^^^^^\n  File \"/home/openhands/.cache/pypoetry/virtualenvs/enterprise-server-HD3KviQY-py3.13/lib/python3.13/site-packages/limits/aio/storage/redis/coredis.py\", line 117, in incr\n    if (value := await self.get_connection().incrby(key, amount)) == amount:\n                 ^^^^^^^^^^^^^^^^^^^^^^^^^^^^^^^^^^^^^^^^^^^^^^^\n  File \"/home/openhands/.cache/pypoetry/virtualenvs/enterprise-server-HD3KviQY-py3.13/lib/python3.13/site-packages/coredis/commands/_wrappers.py\", line 206, in wrapped\n    async with command_cache(callable, *args, **kwargs) as response:\n               ~~~~~~~~~~~~~^^^^^^^^^^^^^^^^^^^^^^^^^^^\n  File \"/usr/local/lib/python3.13/contextlib.py\", line 214, in __aenter__\n    return await anext(self.gen)\n           ^^^^^^^^^^^^^^^^^^^^^\n  File \"/home/openhands/.cache/pypoetry/virtualenvs/enterprise-server-HD3KviQY-py3.13/lib/python3.13/site-packages/coredis/commands/_wrappers.py\", line 103, in __call__\n    yield await func(*args, **kwargs)\n          ^^^^^^^^^^^^^^^^^^^^^^^^^^^\n  File \"/home/openhands/.cache/pypoetry/virtualenvs/enterprise-server-HD3KviQY-py3.13/lib/python3.13/site-packages/coredis/commands/core.py\", line 349, in incrby\n    return await self.execute_command(\n           ^^^^^^^^^^^^^^^^^^^^^^^^^^^\n        CommandName.INCRBY, key, increment, callback=IntCallback()\n        ^^^^^^^^^^^^^^^^^^^^^^^^^^^^^^^^^^^^^^^^^^^^^^^^^^^^^^^^^^\n    )\n    ^\n  File \"/home/openhands/.cache/pypoetry/virtualenvs/enterprise-server-HD3KviQY-py3.13/lib/python3.13/site-packages/coredis/client/basic.py\", line 945, in execute_command\n    return await self.retry_policy.call_with_retries(\n           ^^^^^^^^^^^^^^^^^^^^^^^^^^^^^^^^^^^^^^^^^^\n    ...<2 lines>...\n    )\n    ^\n  File \"/home/openhands/.cache/pypoetry/virtualenvs/enterprise-server-HD3KviQY-py3.13/lib/python3.13/site-packages/coredis/retry.py\", line 71, in call_with_retries\n    raise last_error\n  File \"/home/openhands/.cache/pypoetry/virtualenvs/enterprise-server-HD3KviQY-py3.13/lib/python3.13/site-packages/coredis/retry.py\", line 55, in call_with_retries\n    return await func()\n           ^^^^^^^^^^^^\n  File \"/home/openhands/.cache/pypoetry/virtualenvs/enterprise-server-HD3KviQY-py3.13/lib/python3.13/site-packages/coredis/client/basic.py\", line 974, in _execute_command\n    request = await connection.create_request(\n              ^^^^^^^^^^^^^^^^^^^^^^^^^^^^^^^^\n    ...<5 lines>...\n    )\n    ^\n  File \"/home/openhands/.cache/pypoetry/virtualenvs/enterprise-server-HD3KviQY-py3.13/lib/python3.13/site-packages/coredis/connection.py\", line 610, in create_request\n    await self.connect()\n  File \"/home/openhands/.cache/pypoetry/virtualenvs/enterprise-server-HD3KviQY-py3.13/lib/python3.13/site-packages/coredis/connection.py\", line 293, in connect\n    raise ConnectionError(str(err)) from err\ncoredis.exceptions.ConnectionError: Multiple exceptions: [Errno 111] Connect call failed ('127.0.0.1', 6379), [Errno 99] Cannot assign requested address", "ts": "2026-07-13T11:36:57.520090+00:00"}
{"message": "127.0.0.1:<port> - \"POST /api/v1/app-conversations HTTP/1.1\" 200", "severity": "INFO", "module": "h11_impl", "funcName": "send", "lineno": 480, "ts": "2026-07-13T11:36:57.547550+00:00"}
{"message": "Retry attempt 1 due to error: Multiple exceptions: [Errno 111] Connect call failed ('127.0.0.1', 6379), [Errno 99] Cannot assign requested address", "severity": "INFO", "module": "retry", "funcName": "call_with_retries", "lineno": 57, "ts": "2026-07-13T11:36:57.583457+00:00"}
{"message": "Assigned sandbox sandbox-live-evidence to conversation unknown", "severity": "INFO", "module": "live_status_app_conversation_service", "funcName": "_wait_for_sandbox_start", "lineno": 939, "ts": "2026-07-13T11:36:57.589390+00:00"}
{"message": "Retry attempt 2 due to error: Multiple exceptions: [Errno 111] Connect call failed ('127.0.0.1', 6379), [Errno 99] Cannot assign requested address", "severity": "INFO", "module": "retry", "funcName": "call_with_retries", "lineno": 57, "ts": "2026-07-13T11:36:57.594376+00:00"}
{"message": "Retry attempt 3 due to error: Multiple exceptions: [Errno 111] Connect call failed ('127.0.0.1', 6379), [Errno 99] Cannot assign requested address", "severity": "INFO", "module": "retry", "funcName": "call_with_retries", "lineno": 57, "ts": "2026-07-13T11:36:57.605221+00:00"}
{"message": "Rate limit check could not complete, redis issue?", "severity": "ERROR", "module": "rate_limit", "funcName": "hit", "lineno": 68, "exc_info": "Traceback (most recent call last):\n  File \"/home/openhands/.cache/pypoetry/virtualenvs/enterprise-server-HD3KviQY-py3.13/lib/python3.13/site-packages/coredis/connection.py\", line 287, in connect\n    await self._connect()\n  File \"/home/openhands/.cache/pypoetry/virtualenvs/enterprise-server-HD3KviQY-py3.13/lib/python3.13/site-packages/coredis/connection.py\", line 781, in _connect\n    transport, _ = await connection\n                   ^^^^^^^^^^^^^^^^\n  File \"/usr/local/lib/python3.13/asyncio/base_events.py\", line 1179, in create_connection\n    raise OSError('Multiple exceptions: {}'.format(\n        ', '.join(str(exc) for exc in exceptions)))\nOSError: Multiple exceptions: [Errno 111] Connect call failed ('127.0.0.1', 6379), [Errno 99] Cannot assign requested address\n\nThe above exception was the direct cause of the following exception:\n\nTraceback (most recent call last):\n  File \"/workspace/project/OpenHands/enterprise/server/rate_limit.py\", line 66, in hit\n    allowed = await self.strategy.hit(lim, namespace, key)\n              ^^^^^^^^^^^^^^^^^^^^^^^^^^^^^^^^^^^^^^^^^^^^\n  File \"/home/openhands/.cache/pypoetry/virtualenvs/enterprise-server-HD3KviQY-py3.13/lib/python3.13/site-packages/limits/aio/strategies.py\", line 160, in hit\n    await self.storage.incr(\n    ...<3 lines>...\n    )\n  File \"/home/openhands/.cache/pypoetry/virtualenvs/enterprise-server-HD3KviQY-py3.13/lib/python3.13/site-packages/limits/aio/storage/base.py\", line 28, in inner\n    return await fn(*args, **kwargs)\n           ^^^^^^^^^^^^^^^^^^^^^^^^^\n  File \"/home/openhands/.cache/pypoetry/virtualenvs/enterprise-server-HD3KviQY-py3.13/lib/python3.13/site-packages/limits/aio/storage/redis/__init__.py\", line 163, in incr\n    return await self.bridge.incr(key, expiry, amount)\n           ^^^^^^^^^^^^^^^^^^^^^^^^^^^^^^^^^^^^^^^^^^^\n  File \"/home/openhands/.cache/pypoetry/virtualenvs/enterprise-server-HD3KviQY-py3.13/lib/python3.13/site-packages/limits/aio/storage/redis/coredis.py\", line 117, in incr\n    if (value := await self.get_connection().incrby(key, amount)) == amount:\n                 ^^^^^^^^^^^^^^^^^^^^^^^^^^^^^^^^^^^^^^^^^^^^^^^\n  File \"/home/openhands/.cache/pypoetry/virtualenvs/enterprise-server-HD3KviQY-py3.13/lib/python3.13/site-packages/coredis/commands/_wrappers.py\", line 206, in wrapped\n    async with command_cache(callable, *args, **kwargs) as response:\n               ~~~~~~~~~~~~~^^^^^^^^^^^^^^^^^^^^^^^^^^^\n  File \"/usr/local/lib/python3.13/contextlib.py\", line 214, in __aenter__\n    return await anext(self.gen)\n           ^^^^^^^^^^^^^^^^^^^^^\n  File \"/home/openhands/.cache/pypoetry/virtualenvs/enterprise-server-HD3KviQY-py3.13/lib/python3.13/site-packages/coredis/commands/_wrappers.py\", line 103, in __call__\n    yield await func(*args, **kwargs)\n          ^^^^^^^^^^^^^^^^^^^^^^^^^^^\n  File \"/home/openhands/.cache/pypoetry/virtualenvs/enterprise-server-HD3KviQY-py3.13/lib/python3.13/site-packages/coredis/commands/core.py\", line 349, in incrby\n    return await self.execute_command(\n           ^^^^^^^^^^^^^^^^^^^^^^^^^^^\n        CommandName.INCRBY, key, increment, callback=IntCallback()\n        ^^^^^^^^^^^^^^^^^^^^^^^^^^^^^^^^^^^^^^^^^^^^^^^^^^^^^^^^^^\n    )\n    ^\n  File \"/home/openhands/.cache/pypoetry/virtualenvs/enterprise-server-HD3KviQY-py3.13/lib/python3.13/site-packages/coredis/client/basic.py\", line 945, in execute_command\n    return await self.retry_policy.call_with_retries(\n           ^^^^^^^^^^^^^^^^^^^^^^^^^^^^^^^^^^^^^^^^^^\n    ...<2 lines>...\n    )\n    ^\n  File \"/home/openhands/.cache/pypoetry/virtualenvs/enterprise-server-HD3KviQY-py3.13/lib/python3.13/site-packages/coredis/retry.py\", line 71, in call_with_retries\n    raise last_error\n  File \"/home/openhands/.cache/pypoetry/virtualenvs/enterprise-server-HD3KviQY-py3.13/lib/python3.13/site-packages/coredis/retry.py\", line 55, in call_with_retries\n    return await func()\n           ^^^^^^^^^^^^\n  File \"/home/openhands/.cache/pypoetry/virtualenvs/enterprise-server-HD3KviQY-py3.13/lib/python3.13/site-packages/coredis/client/basic.py\", line 974, in _execute_command\n    request = await connection.create_request(\n              ^^^^^^^^^^^^^^^^^^^^^^^^^^^^^^^^\n    ...<5 lines>...\n    )\n    ^\n  File \"/home/openhands/.cache/pypoetry/virtualenvs/enterprise-server-HD3KviQY-py3.13/lib/python3.13/site-packages/coredis/connection.py\", line 610, in create_request\n    await self.connect()\n  File \"/home/openhands/.cache/pypoetry/virtualenvs/enterprise-server-HD3KviQY-py3.13/lib/python3.13/site-packages/coredis/connection.py\", line 293, in connect\n    raise ConnectionError(str(err)) from err\ncoredis.exceptions.ConnectionError: Multiple exceptions: [Errno 111] Connect call failed ('127.0.0.1', 6379), [Errno 99] Cannot assign requested address", "ts": "2026-07-13T11:36:57.605368+00:00"}
{"message": "Retry attempt 1 due to error: Multiple exceptions: [Errno 111] Connect call failed ('127.0.0.1', 6379), [Errno 99] Cannot assign requested address", "severity": "INFO", "module": "retry", "funcName": "call_with_retries", "lineno": 57, "ts": "2026-07-13T11:36:57.607784+00:00"}
{"message": "Retry attempt 2 due to error: Multiple exceptions: [Errno 111] Connect call failed ('127.0.0.1', 6379), [Errno 99] Cannot assign requested address", "severity": "INFO", "module": "retry", "funcName": "call_with_retries", "lineno": 57, "ts": "2026-07-13T11:36:57.618828+00:00"}
{"message": "Retry attempt 3 due to error: Multiple exceptions: [Errno 111] Connect call failed ('127.0.0.1', 6379), [Errno 99] Cannot assign requested address", "severity": "INFO", "module": "retry", "funcName": "call_with_retries", "lineno": 57, "ts": "2026-07-13T11:36:57.629844+00:00"}
{"message": "Rate limit check could not complete, redis issue?", "severity": "ERROR", "module": "rate_limit", "funcName": "hit", "lineno": 68, "exc_info": "Traceback (most recent call last):\n  File \"/home/openhands/.cache/pypoetry/virtualenvs/enterprise-server-HD3KviQY-py3.13/lib/python3.13/site-packages/coredis/connection.py\", line 287, in connect\n    await self._connect()\n  File \"/home/openhands/.cache/pypoetry/virtualenvs/enterprise-server-HD3KviQY-py3.13/lib/python3.13/site-packages/coredis/connection.py\", line 781, in _connect\n    transport, _ = await connection\n                   ^^^^^^^^^^^^^^^^\n  File \"/usr/local/lib/python3.13/asyncio/base_events.py\", line 1179, in create_connection\n    raise OSError('Multiple exceptions: {}'.format(\n        ', '.join(str(exc) for exc in exceptions)))\nOSError: Multiple exceptions: [Errno 111] Connect call failed ('127.0.0.1', 6379), [Errno 99] Cannot assign requested address\n\nThe above exception was the direct cause of the following exception:\n\nTraceback (most recent call last):\n  File \"/workspace/project/OpenHands/enterprise/server/rate_limit.py\", line 66, in hit\n    allowed = await self.strategy.hit(lim, namespace, key)\n              ^^^^^^^^^^^^^^^^^^^^^^^^^^^^^^^^^^^^^^^^^^^^\n  File \"/home/openhands/.cache/pypoetry/virtualenvs/enterprise-server-HD3KviQY-py3.13/lib/python3.13/site-packages/limits/aio/strategies.py\", line 160, in hit\n    await self.storage.incr(\n    ...<3 lines>...\n    )\n  File \"/home/openhands/.cache/pypoetry/virtualenvs/enterprise-server-HD3KviQY-py3.13/lib/python3.13/site-packages/limits/aio/storage/base.py\", line 28, in inner\n    return await fn(*args, **kwargs)\n           ^^^^^^^^^^^^^^^^^^^^^^^^^\n  File \"/home/openhands/.cache/pypoetry/virtualenvs/enterprise-server-HD3KviQY-py3.13/lib/python3.13/site-packages/limits/aio/storage/redis/__init__.py\", line 163, in incr\n    return await self.bridge.incr(key, expiry, amount)\n           ^^^^^^^^^^^^^^^^^^^^^^^^^^^^^^^^^^^^^^^^^^^\n  File \"/home/openhands/.cache/pypoetry/virtualenvs/enterprise-server-HD3KviQY-py3.13/lib/python3.13/site-packages/limits/aio/storage/redis/coredis.py\", line 117, in incr\n    if (value := await self.get_connection().incrby(key, amount)) == amount:\n                 ^^^^^^^^^^^^^^^^^^^^^^^^^^^^^^^^^^^^^^^^^^^^^^^\n  File \"/home/openhands/.cache/pypoetry/virtualenvs/enterprise-server-HD3KviQY-py3.13/lib/python3.13/site-packages/coredis/commands/_wrappers.py\", line 206, in wrapped\n    async with command_cache(callable, *args, **kwargs) as response:\n               ~~~~~~~~~~~~~^^^^^^^^^^^^^^^^^^^^^^^^^^^\n  File \"/usr/local/lib/python3.13/contextlib.py\", line 214, in __aenter__\n    return await anext(self.gen)\n           ^^^^^^^^^^^^^^^^^^^^^\n  File \"/home/openhands/.cache/pypoetry/virtualenvs/enterprise-server-HD3KviQY-py3.13/lib/python3.13/site-packages/coredis/commands/_wrappers.py\", line 103, in __call__\n    yield await func(*args, **kwargs)\n          ^^^^^^^^^^^^^^^^^^^^^^^^^^^\n  File \"/home/openhands/.cache/pypoetry/virtualenvs/enterprise-server-HD3KviQY-py3.13/lib/python3.13/site-packages/coredis/commands/core.py\", line 349, in incrby\n    return await self.execute_command(\n           ^^^^^^^^^^^^^^^^^^^^^^^^^^^\n        CommandName.INCRBY, key, increment, callback=IntCallback()\n        ^^^^^^^^^^^^^^^^^^^^^^^^^^^^^^^^^^^^^^^^^^^^^^^^^^^^^^^^^^\n    )\n    ^\n  File \"/home/openhands/.cache/pypoetry/virtualenvs/enterprise-server-HD3KviQY-py3.13/lib/python3.13/site-packages/coredis/client/basic.py\", line 945, in execute_command\n    return await self.retry_policy.call_with_retries(\n           ^^^^^^^^^^^^^^^^^^^^^^^^^^^^^^^^^^^^^^^^^^\n    ...<2 lines>...\n    )\n    ^\n  File \"/home/openhands/.cache/pypoetry/virtualenvs/enterprise-server-HD3KviQY-py3.13/lib/python3.13/site-packages/coredis/retry.py\", line 71, in call_with_retries\n    raise last_error\n  File \"/home/openhands/.cache/pypoetry/virtualenvs/enterprise-server-HD3KviQY-py3.13/lib/python3.13/site-packages/coredis/retry.py\", line 55, in call_with_retries\n    return await func()\n           ^^^^^^^^^^^^\n  File \"/home/openhands/.cache/pypoetry/virtualenvs/enterprise-server-HD3KviQY-py3.13/lib/python3.13/site-packages/coredis/client/basic.py\", line 974, in _execute_command\n    request = await connection.create_request(\n              ^^^^^^^^^^^^^^^^^^^^^^^^^^^^^^^^\n    ...<5 lines>...\n    )\n    ^\n  File \"/home/openhands/.cache/pypoetry/virtualenvs/enterprise-server-HD3KviQY-py3.13/lib/python3.13/site-packages/coredis/connection.py\", line 610, in create_request\n    await self.connect()\n  File \"/home/openhands/.cache/pypoetry/virtualenvs/enterprise-server-HD3KviQY-py3.13/lib/python3.13/site-packages/coredis/connection.py\", line 293, in connect\n    raise ConnectionError(str(err)) from err\ncoredis.exceptions.ConnectionError: Multiple exceptions: [Errno 111] Connect call failed ('127.0.0.1', 6379), [Errno 99] Cannot assign requested address", "ts": "2026-07-13T11:36:57.629983+00:00"}
{"message": "127.0.0.1:<port> - \"GET /api/v1/app-conversations/start-tasks?ids=d030e03831bc41a0a06033f4da0b0098 HTTP/1.1\" 200", "severity": "INFO", "module": "h11_impl", "funcName": "send", "lineno": 480, "ts": "2026-07-13T11:36:57.637210+00:00"}
{"message": "Remote file download failed: Client error '404 Not Found' for url 'http://127.0.0.1:<port>/api/file/download?path=.git%2Fhooks%2Fpre-commit'\nFor more information check: https://developer.mozilla.org/en-US/docs/Web/HTTP/Status/404", "severity": "ERROR", "module": "remote_workspace_mixin", "funcName": "_file_download_generator", "lineno": 310, "ts": "2026-07-13T11:36:57.647947+00:00"}
{"message": "Remote file upload failed: Client error '404 Not Found' for url 'http://127.0.0.1:<port>/api/file/upload?path=.git%2Fhooks%2Fpre-commit'\nFor more information check: https://developer.mozilla.org/en-US/docs/Web/HTTP/Status/404", "severity": "ERROR", "module": "remote_workspace_mixin", "funcName": "_file_upload_generator", "lineno": 254, "ts": "2026-07-13T11:36:57.649578+00:00"}
{"message": "Git pre-commit hook installed successfully", "severity": "INFO", "module": "app_conversation_service_base", "funcName": "maybe_setup_git_hooks", "lineno": 612, "ts": "2026-07-13T11:36:57.652180+00:00"}
{"message": "Created system API key", "severity": "INFO", "module": "api_key_store", "funcName": "get_or_create_system_api_key", "lineno": 234, "user_id": "22222222-2222-2222-2222-222222222222", "org_id": "aaaaaaaa-aaaa-aaaa-aaaa-aaaaaaaaaaa2", "key_name": "__SYSTEM__:OPENHANDS_API_KEY", "ts": "2026-07-13T11:36:57.672388+00:00"}
{"message": "Loaded 0 skills from agent-server: sources={}, names=[]", "severity": "INFO", "module": "skill_loader", "funcName": "load_skills_from_agent_server", "lineno": 599, "ts": "2026-07-13T11:36:57.683437+00:00"}
{"message": "Loaded 0 total skills from agent-server: []", "severity": "INFO", "module": "app_conversation_service_base", "funcName": "load_and_merge_all_skills", "lineno": 167, "ts": "2026-07-13T11:36:57.683559+00:00"}
{"message": "app_conversation_start:building_start_request", "severity": "INFO", "module": "live_status_app_conversation_service", "funcName": "_start_app_conversation", "lineno": 438, "user_id": "22222222-2222-2222-2222-222222222222", "task_id": "d030e038-31bc-41a0-a060-33f4da0b0098", "conversation_id": "67ace204-b607-46d6-bcfc-259ff25bff02", "agent_type": "default", "llm_model_override": null, "ts": "2026-07-13T11:36:57.683625+00:00"}
{"message": "managed_llm_key_refresh:build_request_context", "severity": "INFO", "module": "live_status_app_conversation_service", "funcName": "_build_start_conversation_request_for_user", "lineno": 1902, "user_id": "22222222-2222-2222-2222-222222222222", "conversation_id": "67ace204-b607-46d6-bcfc-259ff25bff02", "agent_settings_type": "OpenHandsAgentSettings", "model": "litellm_proxy/minimax-m2.7", "base_url": "http://127.0.0.1:<port>", "has_api_key": true, "ts": "2026-07-13T11:36:57.693351+00:00"}
{"message": "managed_llm_key_refresh:configured_llm", "severity": "INFO", "module": "live_status_app_conversation_service", "funcName": "_configure_llm_and_mcp", "lineno": 1538, "user_id": "22222222-2222-2222-2222-222222222222", "conversation_id": "67ace204-b607-46d6-bcfc-259ff25bff02", "model": "litellm_proxy/minimax-m2.7", "base_url": "http://127.0.0.1:<port>", "has_api_key": true, "llm_model_override": null, "ts": "2026-07-13T11:36:57.700678+00:00"}
{"message": "managed_llm_key_refresh:evaluate", "severity": "INFO", "module": "live_status_app_conversation_service", "funcName": "_maybe_refresh_managed_llm_key", "lineno": 1272, "app_mode": "saas", "user_id": "22222222-2222-2222-2222-222222222222", "model": "litellm_proxy/minimax-m2.7", "base_url": "http://127.0.0.1:<port>", "has_api_key": true, "ts": "2026-07-13T11:36:57.700781+00:00"}
{"message": "managed_llm_key_refresh:checking_current_key", "severity": "INFO", "module": "live_status_app_conversation_service", "funcName": "_maybe_refresh_managed_llm_key", "lineno": 1374, "user_id": "22222222-2222-2222-2222-222222222222", "org_id": "aaaaaaaa-aaaa-aaaa-aaaa-aaaaaaaaaaa2", "model": "litellm_proxy/minimax-m2.7", "base_url": "http://127.0.0.1:<port>", "uses_openhands_provider_proxy": false, "ts": "2026-07-13T11:36:57.700848+00:00"}
{"message": "Key verification failed - treating as invalid", "severity": "WARNING", "module": "lite_llm_manager", "funcName": "verify_key", "lineno": 1410, "user_id": "22222222-2222-2222-2222-222222222222", "status_code": 401, "key_prefix": "<redacted-local-llm-key>...", "ts": "2026-07-13T11:36:57.725982+00:00"}
{"message": "managed_llm_key_refresh:stale_key_detected", "severity": "INFO", "module": "live_status_app_conversation_service", "funcName": "_maybe_refresh_managed_llm_key", "lineno": 1421, "user_id": "22222222-2222-2222-2222-222222222222", "org_id": "aaaaaaaa-aaaa-aaaa-aaaa-aaaaaaaaaaa2", "model": "litellm_proxy/minimax-m2.7", "ts": "2026-07-13T11:36:57.726200+00:00"}
{"message": "LiteLlmManager:_delete_key_by_alias:key_deleted", "severity": "INFO", "module": "lite_llm_manager", "funcName": "_delete_key_by_alias", "lineno": 1584, "key_alias": "OpenHands Cloud - user 22222222-2222-2222-2222-222222222222 - org aaaaaaaa-aaaa-aaaa-aaaa-aaaaaaaaaaa2", "ts": "2026-07-13T11:36:57.745136+00:00"}
{"message": "LiteLlmManager:_lite_llm_generate_user_team_key:key_created", "severity": "INFO", "module": "lite_llm_manager", "funcName": "_generate_key", "lineno": 1361, "user_id": "22222222-2222-2222-2222-222222222222", "team_id": "aaaaaaaa-aaaa-aaaa-aaaa-aaaaaaaaaaa2", "key_alias": "OpenHands Cloud - user 22222222-2222-2222-2222-222222222222 - org aaaaaaaa-aaaa-aaaa-aaaa-aaaaaaaaaaa2", "ts": "2026-07-13T11:36:57.752867+00:00"}
{"message": "saas_settings_store:rotate_managed_llm_key:rotated", "severity": "INFO", "module": "saas_settings_store", "funcName": "rotate_managed_llm_key", "lineno": 1032, "user_id": "22222222-2222-2222-2222-222222222222", "org_id": "aaaaaaaa-aaaa-aaaa-aaaa-aaaaaaaaaaa2", "ts": "2026-07-13T11:36:57.758269+00:00"}
{"message": "managed_llm_key_refresh:rotated", "severity": "INFO", "module": "live_status_app_conversation_service", "funcName": "_maybe_refresh_managed_llm_key", "lineno": 1427, "user_id": "22222222-2222-2222-2222-222222222222", "org_id": "aaaaaaaa-aaaa-aaaa-aaaa-aaaaaaaaaaa2", "model": "litellm_proxy/minimax-m2.7", "openhands_type": false, "ts": "2026-07-13T11:36:57.758612+00:00"}
{"message": "Registered file-based agent 'bash-runner' from /home/openhands/.cache/pypoetry/virtualenvs/enterprise-server-HD3KviQY-py3.13/lib/python3.13/site-packages/openhands/tools/preset/subagents/bash_runner.md", "severity": "INFO", "module": "default", "funcName": "register_builtins_agents", "lineno": 148, "ts": "2026-07-13T11:36:57.760182+00:00"}
{"message": "Registered file-based agent 'code-explorer' from /home/openhands/.cache/pypoetry/virtualenvs/enterprise-server-HD3KviQY-py3.13/lib/python3.13/site-packages/openhands/tools/preset/subagents/code_explorer.md", "severity": "INFO", "module": "default", "funcName": "register_builtins_agents", "lineno": 148, "ts": "2026-07-13T11:36:57.760269+00:00"}
{"message": "Registered file-based agent 'general-purpose' from /home/openhands/.cache/pypoetry/virtualenvs/enterprise-server-HD3KviQY-py3.13/lib/python3.13/site-packages/openhands/tools/preset/subagents/default.md", "severity": "INFO", "module": "default", "funcName": "register_builtins_agents", "lineno": 148, "ts": "2026-07-13T11:36:57.760329+00:00"}
{"message": "Registered file-based agent 'web-researcher' from /home/openhands/.cache/pypoetry/virtualenvs/enterprise-server-HD3KviQY-py3.13/lib/python3.13/site-packages/openhands/tools/preset/subagents/web_researcher.md", "severity": "INFO", "module": "default", "funcName": "register_builtins_agents", "lineno": 148, "ts": "2026-07-13T11:36:57.760364+00:00"}
{"message": "Loaded 0 skills from agent-server: sources={}, names=[]", "severity": "INFO", "module": "skill_loader", "funcName": "load_skills_from_agent_server", "lineno": 599, "ts": "2026-07-13T11:36:57.778074+00:00"}
{"message": "Loaded 0 total skills from agent-server: []", "severity": "INFO", "module": "app_conversation_service_base", "funcName": "load_and_merge_all_skills", "lineno": 167, "ts": "2026-07-13T11:36:57.778182+00:00"}
{"message": "task_id=task-d030e03831bc41a0a06033f4da0b0098 conversation_id=67ace204-b607-46d6-bcfc-259ff25bff02", "severity": "INFO", "module": "live_status_app_conversation_service", "funcName": "_process_pending_messages", "lineno": 2459, "ts": "2026-07-13T11:36:57.827187+00:00"}
{"message": "updated_count=0 ", "severity": "INFO", "module": "live_status_app_conversation_service", "funcName": "_process_pending_messages", "lineno": 2466, "ts": "2026-07-13T11:36:57.829481+00:00"}
{"message": "Retry attempt 1 due to error: Multiple exceptions: [Errno 111] Connect call failed ('127.0.0.1', 6379), [Errno 99] Cannot assign requested address", "severity": "INFO", "module": "retry", "funcName": "call_with_retries", "lineno": 57, "ts": "2026-07-13T11:36:58.152976+00:00"}
{"message": "Retry attempt 2 due to error: Multiple exceptions: [Errno 111] Connect call failed ('127.0.0.1', 6379), [Errno 99] Cannot assign requested address", "severity": "INFO", "module": "retry", "funcName": "call_with_retries", "lineno": 57, "ts": "2026-07-13T11:36:58.163835+00:00"}
{"message": "Retry attempt 3 due to error: Multiple exceptions: [Errno 111] Connect call failed ('127.0.0.1', 6379), [Errno 99] Cannot assign requested address", "severity": "INFO", "module": "retry", "funcName": "call_with_retries", "lineno": 57, "ts": "2026-07-13T11:36:58.174628+00:00"}
{"message": "Rate limit check could not complete, redis issue?", "severity": "ERROR", "module": "rate_limit", "funcName": "hit", "lineno": 68, "exc_info": "Traceback (most recent call last):\n  File \"/home/openhands/.cache/pypoetry/virtualenvs/enterprise-server-HD3KviQY-py3.13/lib/python3.13/site-packages/coredis/connection.py\", line 287, in connect\n    await self._connect()\n  File \"/home/openhands/.cache/pypoetry/virtualenvs/enterprise-server-HD3KviQY-py3.13/lib/python3.13/site-packages/coredis/connection.py\", line 781, in _connect\n    transport, _ = await connection\n                   ^^^^^^^^^^^^^^^^\n  File \"/usr/local/lib/python3.13/asyncio/base_events.py\", line 1179, in create_connection\n    raise OSError('Multiple exceptions: {}'.format(\n        ', '.join(str(exc) for exc in exceptions)))\nOSError: Multiple exceptions: [Errno 111] Connect call failed ('127.0.0.1', 6379), [Errno 99] Cannot assign requested address\n\nThe above exception was the direct cause of the following exception:\n\nTraceback (most recent call last):\n  File \"/workspace/project/OpenHands/enterprise/server/rate_limit.py\", line 66, in hit\n    allowed = await self.strategy.hit(lim, namespace, key)\n              ^^^^^^^^^^^^^^^^^^^^^^^^^^^^^^^^^^^^^^^^^^^^\n  File \"/home/openhands/.cache/pypoetry/virtualenvs/enterprise-server-HD3KviQY-py3.13/lib/python3.13/site-packages/limits/aio/strategies.py\", line 160, in hit\n    await self.storage.incr(\n    ...<3 lines>...\n    )\n  File \"/home/openhands/.cache/pypoetry/virtualenvs/enterprise-server-HD3KviQY-py3.13/lib/python3.13/site-packages/limits/aio/storage/base.py\", line 28, in inner\n    return await fn(*args, **kwargs)\n           ^^^^^^^^^^^^^^^^^^^^^^^^^\n  File \"/home/openhands/.cache/pypoetry/virtualenvs/enterprise-server-HD3KviQY-py3.13/lib/python3.13/site-packages/limits/aio/storage/redis/__init__.py\", line 163, in incr\n    return await self.bridge.incr(key, expiry, amount)\n           ^^^^^^^^^^^^^^^^^^^^^^^^^^^^^^^^^^^^^^^^^^^\n  File \"/home/openhands/.cache/pypoetry/virtualenvs/enterprise-server-HD3KviQY-py3.13/lib/python3.13/site-packages/limits/aio/storage/redis/coredis.py\", line 117, in incr\n    if (value := await self.get_connection().incrby(key, amount)) == amount:\n                 ^^^^^^^^^^^^^^^^^^^^^^^^^^^^^^^^^^^^^^^^^^^^^^^\n  File \"/home/openhands/.cache/pypoetry/virtualenvs/enterprise-server-HD3KviQY-py3.13/lib/python3.13/site-packages/coredis/commands/_wrappers.py\", line 206, in wrapped\n    async with command_cache(callable, *args, **kwargs) as response:\n               ~~~~~~~~~~~~~^^^^^^^^^^^^^^^^^^^^^^^^^^^\n  File \"/usr/local/lib/python3.13/contextlib.py\", line 214, in __aenter__\n    return await anext(self.gen)\n           ^^^^^^^^^^^^^^^^^^^^^\n  File \"/home/openhands/.cache/pypoetry/virtualenvs/enterprise-server-HD3KviQY-py3.13/lib/python3.13/site-packages/coredis/commands/_wrappers.py\", line 103, in __call__\n    yield await func(*args, **kwargs)\n          ^^^^^^^^^^^^^^^^^^^^^^^^^^^\n  File \"/home/openhands/.cache/pypoetry/virtualenvs/enterprise-server-HD3KviQY-py3.13/lib/python3.13/site-packages/coredis/commands/core.py\", line 349, in incrby\n    return await self.execute_command(\n           ^^^^^^^^^^^^^^^^^^^^^^^^^^^\n        CommandName.INCRBY, key, increment, callback=IntCallback()\n        ^^^^^^^^^^^^^^^^^^^^^^^^^^^^^^^^^^^^^^^^^^^^^^^^^^^^^^^^^^\n    )\n    ^\n  File \"/home/openhands/.cache/pypoetry/virtualenvs/enterprise-server-HD3KviQY-py3.13/lib/python3.13/site-packages/coredis/client/basic.py\", line 945, in execute_command\n    return await self.retry_policy.call_with_retries(\n           ^^^^^^^^^^^^^^^^^^^^^^^^^^^^^^^^^^^^^^^^^^\n    ...<2 lines>...\n    )\n    ^\n  File \"/home/openhands/.cache/pypoetry/virtualenvs/enterprise-server-HD3KviQY-py3.13/lib/python3.13/site-packages/coredis/retry.py\", line 71, in call_with_retries\n    raise last_error\n  File \"/home/openhands/.cache/pypoetry/virtualenvs/enterprise-server-HD3KviQY-py3.13/lib/python3.13/site-packages/coredis/retry.py\", line 55, in call_with_retries\n    return await func()\n           ^^^^^^^^^^^^\n  File \"/home/openhands/.cache/pypoetry/virtualenvs/enterprise-server-HD3KviQY-py3.13/lib/python3.13/site-packages/coredis/client/basic.py\", line 974, in _execute_command\n    request = await connection.create_request(\n              ^^^^^^^^^^^^^^^^^^^^^^^^^^^^^^^^\n    ...<5 lines>...\n    )\n    ^\n  File \"/home/openhands/.cache/pypoetry/virtualenvs/enterprise-server-HD3KviQY-py3.13/lib/python3.13/site-packages/coredis/connection.py\", line 610, in create_request\n    await self.connect()\n  File \"/home/openhands/.cache/pypoetry/virtualenvs/enterprise-server-HD3KviQY-py3.13/lib/python3.13/site-packages/coredis/connection.py\", line 293, in connect\n    raise ConnectionError(str(err)) from err\ncoredis.exceptions.ConnectionError: Multiple exceptions: [Errno 111] Connect call failed ('127.0.0.1', 6379), [Errno 99] Cannot assign requested address", "ts": "2026-07-13T11:36:58.174751+00:00"}
{"message": "Retry attempt 1 due to error: Multiple exceptions: [Errno 111] Connect call failed ('127.0.0.1', 6379), [Errno 99] Cannot assign requested address", "severity": "INFO", "module": "retry", "funcName": "call_with_retries", "lineno": 57, "ts": "2026-07-13T11:36:58.177230+00:00"}
{"message": "Retry attempt 2 due to error: Multiple exceptions: [Errno 111] Connect call failed ('127.0.0.1', 6379), [Errno 99] Cannot assign requested address", "severity": "INFO", "module": "retry", "funcName": "call_with_retries", "lineno": 57, "ts": "2026-07-13T11:36:58.188025+00:00"}
{"message": "Retry attempt 3 due to error: Multiple exceptions: [Errno 111] Connect call failed ('127.0.0.1', 6379), [Errno 99] Cannot assign requested address", "severity": "INFO", "module": "retry", "funcName": "call_with_retries", "lineno": 57, "ts": "2026-07-13T11:36:58.198926+00:00"}
{"message": "Rate limit check could not complete, redis issue?", "severity": "ERROR", "module": "rate_limit", "funcName": "hit", "lineno": 68, "exc_info": "Traceback (most recent call last):\n  File \"/home/openhands/.cache/pypoetry/virtualenvs/enterprise-server-HD3KviQY-py3.13/lib/python3.13/site-packages/coredis/connection.py\", line 287, in connect\n    await self._connect()\n  File \"/home/openhands/.cache/pypoetry/virtualenvs/enterprise-server-HD3KviQY-py3.13/lib/python3.13/site-packages/coredis/connection.py\", line 781, in _connect\n    transport, _ = await connection\n                   ^^^^^^^^^^^^^^^^\n  File \"/usr/local/lib/python3.13/asyncio/base_events.py\", line 1179, in create_connection\n    raise OSError('Multiple exceptions: {}'.format(\n        ', '.join(str(exc) for exc in exceptions)))\nOSError: Multiple exceptions: [Errno 111] Connect call failed ('127.0.0.1', 6379), [Errno 99] Cannot assign requested address\n\nThe above exception was the direct cause of the following exception:\n\nTraceback (most recent call last):\n  File \"/workspace/project/OpenHands/enterprise/server/rate_limit.py\", line 66, in hit\n    allowed = await self.strategy.hit(lim, namespace, key)\n              ^^^^^^^^^^^^^^^^^^^^^^^^^^^^^^^^^^^^^^^^^^^^\n  File \"/home/openhands/.cache/pypoetry/virtualenvs/enterprise-server-HD3KviQY-py3.13/lib/python3.13/site-packages/limits/aio/strategies.py\", line 160, in hit\n    await self.storage.incr(\n    ...<3 lines>...\n    )\n  File \"/home/openhands/.cache/pypoetry/virtualenvs/enterprise-server-HD3KviQY-py3.13/lib/python3.13/site-packages/limits/aio/storage/base.py\", line 28, in inner\n    return await fn(*args, **kwargs)\n           ^^^^^^^^^^^^^^^^^^^^^^^^^\n  File \"/home/openhands/.cache/pypoetry/virtualenvs/enterprise-server-HD3KviQY-py3.13/lib/python3.13/site-packages/limits/aio/storage/redis/__init__.py\", line 163, in incr\n    return await self.bridge.incr(key, expiry, amount)\n           ^^^^^^^^^^^^^^^^^^^^^^^^^^^^^^^^^^^^^^^^^^^\n  File \"/home/openhands/.cache/pypoetry/virtualenvs/enterprise-server-HD3KviQY-py3.13/lib/python3.13/site-packages/limits/aio/storage/redis/coredis.py\", line 117, in incr\n    if (value := await self.get_connection().incrby(key, amount)) == amount:\n                 ^^^^^^^^^^^^^^^^^^^^^^^^^^^^^^^^^^^^^^^^^^^^^^^\n  File \"/home/openhands/.cache/pypoetry/virtualenvs/enterprise-server-HD3KviQY-py3.13/lib/python3.13/site-packages/coredis/commands/_wrappers.py\", line 206, in wrapped\n    async with command_cache(callable, *args, **kwargs) as response:\n               ~~~~~~~~~~~~~^^^^^^^^^^^^^^^^^^^^^^^^^^^\n  File \"/usr/local/lib/python3.13/contextlib.py\", line 214, in __aenter__\n    return await anext(self.gen)\n           ^^^^^^^^^^^^^^^^^^^^^\n  File \"/home/openhands/.cache/pypoetry/virtualenvs/enterprise-server-HD3KviQY-py3.13/lib/python3.13/site-packages/coredis/commands/_wrappers.py\", line 103, in __call__\n    yield await func(*args, **kwargs)\n          ^^^^^^^^^^^^^^^^^^^^^^^^^^^\n  File \"/home/openhands/.cache/pypoetry/virtualenvs/enterprise-server-HD3KviQY-py3.13/lib/python3.13/site-packages/coredis/commands/core.py\", line 349, in incrby\n    return await self.execute_command(\n           ^^^^^^^^^^^^^^^^^^^^^^^^^^^\n        CommandName.INCRBY, key, increment, callback=IntCallback()\n        ^^^^^^^^^^^^^^^^^^^^^^^^^^^^^^^^^^^^^^^^^^^^^^^^^^^^^^^^^^\n    )\n    ^\n  File \"/home/openhands/.cache/pypoetry/virtualenvs/enterprise-server-HD3KviQY-py3.13/lib/python3.13/site-packages/coredis/client/basic.py\", line 945, in execute_command\n    return await self.retry_policy.call_with_retries(\n           ^^^^^^^^^^^^^^^^^^^^^^^^^^^^^^^^^^^^^^^^^^\n    ...<2 lines>...\n    )\n    ^\n  File \"/home/openhands/.cache/pypoetry/virtualenvs/enterprise-server-HD3KviQY-py3.13/lib/python3.13/site-packages/coredis/retry.py\", line 71, in call_with_retries\n    raise last_error\n  File \"/home/openhands/.cache/pypoetry/virtualenvs/enterprise-server-HD3KviQY-py3.13/lib/python3.13/site-packages/coredis/retry.py\", line 55, in call_with_retries\n    return await func()\n           ^^^^^^^^^^^^\n  File \"/home/openhands/.cache/pypoetry/virtualenvs/enterprise-server-HD3KviQY-py3.13/lib/python3.13/site-packages/coredis/client/basic.py\", line 974, in _execute_command\n    request = await connection.create_request(\n              ^^^^^^^^^^^^^^^^^^^^^^^^^^^^^^^^\n    ...<5 lines>...\n    )\n    ^\n  File \"/home/openhands/.cache/pypoetry/virtualenvs/enterprise-server-HD3KviQY-py3.13/lib/python3.13/site-packages/coredis/connection.py\", line 610, in create_request\n    await self.connect()\n  File \"/home/openhands/.cache/pypoetry/virtualenvs/enterprise-server-HD3KviQY-py3.13/lib/python3.13/site-packages/coredis/connection.py\", line 293, in connect\n    raise ConnectionError(str(err)) from err\ncoredis.exceptions.ConnectionError: Multiple exceptions: [Errno 111] Connect call failed ('127.0.0.1', 6379), [Errno 99] Cannot assign requested address", "ts": "2026-07-13T11:36:58.199053+00:00"}
{"message": "127.0.0.1:<port> - \"GET /api/v1/app-conversations/start-tasks?ids=d030e03831bc41a0a06033f4da0b0098 HTTP/1.1\" 200", "severity": "INFO", "module": "h11_impl", "funcName": "send", "lineno": 480, "ts": "2026-07-13T11:36:58.203774+00:00"}
{"message": "Retry attempt 1 due to error: Multiple exceptions: [Errno 111] Connect call failed ('127.0.0.1', 6379), [Errno 99] Cannot assign requested address", "severity": "INFO", "module": "retry", "funcName": "call_with_retries", "lineno": 57, "ts": "2026-07-13T11:36:58.218908+00:00"}
{"message": "Retry attempt 2 due to error: Multiple exceptions: [Errno 111] Connect call failed ('127.0.0.1', 6379), [Errno 99] Cannot assign requested address", "severity": "INFO", "module": "retry", "funcName": "call_with_retries", "lineno": 57, "ts": "2026-07-13T11:36:58.229782+00:00"}
{"message": "Retry attempt 3 due to error: Multiple exceptions: [Errno 111] Connect call failed ('127.0.0.1', 6379), [Errno 99] Cannot assign requested address", "severity": "INFO", "module": "retry", "funcName": "call_with_retries", "lineno": 57, "ts": "2026-07-13T11:36:58.240689+00:00"}
{"message": "Rate limit check could not complete, redis issue?", "severity": "ERROR", "module": "rate_limit", "funcName": "hit", "lineno": 68, "exc_info": "Traceback (most recent call last):\n  File \"/home/openhands/.cache/pypoetry/virtualenvs/enterprise-server-HD3KviQY-py3.13/lib/python3.13/site-packages/coredis/connection.py\", line 287, in connect\n    await self._connect()\n  File \"/home/openhands/.cache/pypoetry/virtualenvs/enterprise-server-HD3KviQY-py3.13/lib/python3.13/site-packages/coredis/connection.py\", line 781, in _connect\n    transport, _ = await connection\n                   ^^^^^^^^^^^^^^^^\n  File \"/usr/local/lib/python3.13/asyncio/base_events.py\", line 1179, in create_connection\n    raise OSError('Multiple exceptions: {}'.format(\n        ', '.join(str(exc) for exc in exceptions)))\nOSError: Multiple exceptions: [Errno 111] Connect call failed ('127.0.0.1', 6379), [Errno 99] Cannot assign requested address\n\nThe above exception was the direct cause of the following exception:\n\nTraceback (most recent call last):\n  File \"/workspace/project/OpenHands/enterprise/server/rate_limit.py\", line 66, in hit\n    allowed = await self.strategy.hit(lim, namespace, key)\n              ^^^^^^^^^^^^^^^^^^^^^^^^^^^^^^^^^^^^^^^^^^^^\n  File \"/home/openhands/.cache/pypoetry/virtualenvs/enterprise-server-HD3KviQY-py3.13/lib/python3.13/site-packages/limits/aio/strategies.py\", line 160, in hit\n    await self.storage.incr(\n    ...<3 lines>...\n    )\n  File \"/home/openhands/.cache/pypoetry/virtualenvs/enterprise-server-HD3KviQY-py3.13/lib/python3.13/site-packages/limits/aio/storage/base.py\", line 28, in inner\n    return await fn(*args, **kwargs)\n           ^^^^^^^^^^^^^^^^^^^^^^^^^\n  File \"/home/openhands/.cache/pypoetry/virtualenvs/enterprise-server-HD3KviQY-py3.13/lib/python3.13/site-packages/limits/aio/storage/redis/__init__.py\", line 163, in incr\n    return await self.bridge.incr(key, expiry, amount)\n           ^^^^^^^^^^^^^^^^^^^^^^^^^^^^^^^^^^^^^^^^^^^\n  File \"/home/openhands/.cache/pypoetry/virtualenvs/enterprise-server-HD3KviQY-py3.13/lib/python3.13/site-packages/limits/aio/storage/redis/coredis.py\", line 117, in incr\n    if (value := await self.get_connection().incrby(key, amount)) == amount:\n                 ^^^^^^^^^^^^^^^^^^^^^^^^^^^^^^^^^^^^^^^^^^^^^^^\n  File \"/home/openhands/.cache/pypoetry/virtualenvs/enterprise-server-HD3KviQY-py3.13/lib/python3.13/site-packages/coredis/commands/_wrappers.py\", line 206, in wrapped\n    async with command_cache(callable, *args, **kwargs) as response:\n               ~~~~~~~~~~~~~^^^^^^^^^^^^^^^^^^^^^^^^^^^\n  File \"/usr/local/lib/python3.13/contextlib.py\", line 214, in __aenter__\n    return await anext(self.gen)\n           ^^^^^^^^^^^^^^^^^^^^^\n  File \"/home/openhands/.cache/pypoetry/virtualenvs/enterprise-server-HD3KviQY-py3.13/lib/python3.13/site-packages/coredis/commands/_wrappers.py\", line 103, in __call__\n    yield await func(*args, **kwargs)\n          ^^^^^^^^^^^^^^^^^^^^^^^^^^^\n  File \"/home/openhands/.cache/pypoetry/virtualenvs/enterprise-server-HD3KviQY-py3.13/lib/python3.13/site-packages/coredis/commands/core.py\", line 349, in incrby\n    return await self.execute_command(\n           ^^^^^^^^^^^^^^^^^^^^^^^^^^^\n        CommandName.INCRBY, key, increment, callback=IntCallback()\n        ^^^^^^^^^^^^^^^^^^^^^^^^^^^^^^^^^^^^^^^^^^^^^^^^^^^^^^^^^^\n    )\n    ^\n  File \"/home/openhands/.cache/pypoetry/virtualenvs/enterprise-server-HD3KviQY-py3.13/lib/python3.13/site-packages/coredis/client/basic.py\", line 945, in execute_command\n    return await self.retry_policy.call_with_retries(\n           ^^^^^^^^^^^^^^^^^^^^^^^^^^^^^^^^^^^^^^^^^^\n    ...<2 lines>...\n    )\n    ^\n  File \"/home/openhands/.cache/pypoetry/virtualenvs/enterprise-server-HD3KviQY-py3.13/lib/python3.13/site-packages/coredis/retry.py\", line 71, in call_with_retries\n    raise last_error\n  File \"/home/openhands/.cache/pypoetry/virtualenvs/enterprise-server-HD3KviQY-py3.13/lib/python3.13/site-packages/coredis/retry.py\", line 55, in call_with_retries\n    return await func()\n           ^^^^^^^^^^^^\n  File \"/home/openhands/.cache/pypoetry/virtualenvs/enterprise-server-HD3KviQY-py3.13/lib/python3.13/site-packages/coredis/client/basic.py\", line 974, in _execute_command\n    request = await connection.create_request(\n              ^^^^^^^^^^^^^^^^^^^^^^^^^^^^^^^^\n    ...<5 lines>...\n    )\n    ^\n  File \"/home/openhands/.cache/pypoetry/virtualenvs/enterprise-server-HD3KviQY-py3.13/lib/python3.13/site-packages/coredis/connection.py\", line 610, in create_request\n    await self.connect()\n  File \"/home/openhands/.cache/pypoetry/virtualenvs/enterprise-server-HD3KviQY-py3.13/lib/python3.13/site-packages/coredis/connection.py\", line 293, in connect\n    raise ConnectionError(str(err)) from err\ncoredis.exceptions.ConnectionError: Multiple exceptions: [Errno 111] Connect call failed ('127.0.0.1', 6379), [Errno 99] Cannot assign requested address", "ts": "2026-07-13T11:36:58.240818+00:00"}
{"message": "Retry attempt 1 due to error: Multiple exceptions: [Errno 111] Connect call failed ('127.0.0.1', 6379), [Errno 99] Cannot assign requested address", "severity": "INFO", "module": "retry", "funcName": "call_with_retries", "lineno": 57, "ts": "2026-07-13T11:36:58.243402+00:00"}
{"message": "Retry attempt 2 due to error: Multiple exceptions: [Errno 111] Connect call failed ('127.0.0.1', 6379), [Errno 99] Cannot assign requested address", "severity": "INFO", "module": "retry", "funcName": "call_with_retries", "lineno": 57, "ts": "2026-07-13T11:36:58.254226+00:00"}
{"message": "Retry attempt 3 due to error: Multiple exceptions: [Errno 111] Connect call failed ('127.0.0.1', 6379), [Errno 99] Cannot assign requested address", "severity": "INFO", "module": "retry", "funcName": "call_with_retries", "lineno": 57, "ts": "2026-07-13T11:36:58.265155+00:00"}
{"message": "Rate limit check could not complete, redis issue?", "severity": "ERROR", "module": "rate_limit", "funcName": "hit", "lineno": 68, "exc_info": "Traceback (most recent call last):\n  File \"/home/openhands/.cache/pypoetry/virtualenvs/enterprise-server-HD3KviQY-py3.13/lib/python3.13/site-packages/coredis/connection.py\", line 287, in connect\n    await self._connect()\n  File \"/home/openhands/.cache/pypoetry/virtualenvs/enterprise-server-HD3KviQY-py3.13/lib/python3.13/site-packages/coredis/connection.py\", line 781, in _connect\n    transport, _ = await connection\n                   ^^^^^^^^^^^^^^^^\n  File \"/usr/local/lib/python3.13/asyncio/base_events.py\", line 1179, in create_connection\n    raise OSError('Multiple exceptions: {}'.format(\n        ', '.join(str(exc) for exc in exceptions)))\nOSError: Multiple exceptions: [Errno 111] Connect call failed ('127.0.0.1', 6379), [Errno 99] Cannot assign requested address\n\nThe above exception was the direct cause of the following exception:\n\nTraceback (most recent call last):\n  File \"/workspace/project/OpenHands/enterprise/server/rate_limit.py\", line 66, in hit\n    allowed = await self.strategy.hit(lim, namespace, key)\n              ^^^^^^^^^^^^^^^^^^^^^^^^^^^^^^^^^^^^^^^^^^^^\n  File \"/home/openhands/.cache/pypoetry/virtualenvs/enterprise-server-HD3KviQY-py3.13/lib/python3.13/site-packages/limits/aio/strategies.py\", line 160, in hit\n    await self.storage.incr(\n    ...<3 lines>...\n    )\n  File \"/home/openhands/.cache/pypoetry/virtualenvs/enterprise-server-HD3KviQY-py3.13/lib/python3.13/site-packages/limits/aio/storage/base.py\", line 28, in inner\n    return await fn(*args, **kwargs)\n           ^^^^^^^^^^^^^^^^^^^^^^^^^\n  File \"/home/openhands/.cache/pypoetry/virtualenvs/enterprise-server-HD3KviQY-py3.13/lib/python3.13/site-packages/limits/aio/storage/redis/__init__.py\", line 163, in incr\n    return await self.bridge.incr(key, expiry, amount)\n           ^^^^^^^^^^^^^^^^^^^^^^^^^^^^^^^^^^^^^^^^^^^\n  File \"/home/openhands/.cache/pypoetry/virtualenvs/enterprise-server-HD3KviQY-py3.13/lib/python3.13/site-packages/limits/aio/storage/redis/coredis.py\", line 117, in incr\n    if (value := await self.get_connection().incrby(key, amount)) == amount:\n                 ^^^^^^^^^^^^^^^^^^^^^^^^^^^^^^^^^^^^^^^^^^^^^^^\n  File \"/home/openhands/.cache/pypoetry/virtualenvs/enterprise-server-HD3KviQY-py3.13/lib/python3.13/site-packages/coredis/commands/_wrappers.py\", line 206, in wrapped\n    async with command_cache(callable, *args, **kwargs) as response:\n               ~~~~~~~~~~~~~^^^^^^^^^^^^^^^^^^^^^^^^^^^\n  File \"/usr/local/lib/python3.13/contextlib.py\", line 214, in __aenter__\n    return await anext(self.gen)\n           ^^^^^^^^^^^^^^^^^^^^^\n  File \"/home/openhands/.cache/pypoetry/virtualenvs/enterprise-server-HD3KviQY-py3.13/lib/python3.13/site-packages/coredis/commands/_wrappers.py\", line 103, in __call__\n    yield await func(*args, **kwargs)\n          ^^^^^^^^^^^^^^^^^^^^^^^^^^^\n  File \"/home/openhands/.cache/pypoetry/virtualenvs/enterprise-server-HD3KviQY-py3.13/lib/python3.13/site-packages/coredis/commands/core.py\", line 349, in incrby\n    return await self.execute_command(\n           ^^^^^^^^^^^^^^^^^^^^^^^^^^^\n        CommandName.INCRBY, key, increment, callback=IntCallback()\n        ^^^^^^^^^^^^^^^^^^^^^^^^^^^^^^^^^^^^^^^^^^^^^^^^^^^^^^^^^^\n    )\n    ^\n  File \"/home/openhands/.cache/pypoetry/virtualenvs/enterprise-server-HD3KviQY-py3.13/lib/python3.13/site-packages/coredis/client/basic.py\", line 945, in execute_command\n    return await self.retry_policy.call_with_retries(\n           ^^^^^^^^^^^^^^^^^^^^^^^^^^^^^^^^^^^^^^^^^^\n    ...<2 lines>...\n    )\n    ^\n  File \"/home/openhands/.cache/pypoetry/virtualenvs/enterprise-server-HD3KviQY-py3.13/lib/python3.13/site-packages/coredis/retry.py\", line 71, in call_with_retries\n    raise last_error\n  File \"/home/openhands/.cache/pypoetry/virtualenvs/enterprise-server-HD3KviQY-py3.13/lib/python3.13/site-packages/coredis/retry.py\", line 55, in call_with_retries\n    return await func()\n           ^^^^^^^^^^^^\n  File \"/home/openhands/.cache/pypoetry/virtualenvs/enterprise-server-HD3KviQY-py3.13/lib/python3.13/site-packages/coredis/client/basic.py\", line 974, in _execute_command\n    request = await connection.create_request(\n              ^^^^^^^^^^^^^^^^^^^^^^^^^^^^^^^^\n    ...<5 lines>...\n    )\n    ^\n  File \"/home/openhands/.cache/pypoetry/virtualenvs/enterprise-server-HD3KviQY-py3.13/lib/python3.13/site-packages/coredis/connection.py\", line 610, in create_request\n    await self.connect()\n  File \"/home/openhands/.cache/pypoetry/virtualenvs/enterprise-server-HD3KviQY-py3.13/lib/python3.13/site-packages/coredis/connection.py\", line 293, in connect\n    raise ConnectionError(str(err)) from err\ncoredis.exceptions.ConnectionError: Multiple exceptions: [Errno 111] Connect call failed ('127.0.0.1', 6379), [Errno 99] Cannot assign requested address", "ts": "2026-07-13T11:36:58.265290+00:00"}
{"message": "Starting managed LLM API key refresh", "severity": "INFO", "module": "api_keys", "funcName": "refresh_managed_llm_api_key", "lineno": 453, "user_id": "33333333-3333-3333-3333-333333333333", "org_id": "aaaaaaaa-aaaa-aaaa-aaaa-aaaaaaaaaaa3", "ts": "2026-07-13T11:36:58.267391+00:00"}
{"message": "127.0.0.1:<port> - \"POST /api/keys/llm/managed/refresh HTTP/1.1\" 400", "severity": "INFO", "module": "h11_impl", "funcName": "send", "lineno": 480, "ts": "2026-07-13T11:36:58.305707+00:00"}
{"message": "Shutting down", "severity": "INFO", "module": "server", "funcName": "shutdown", "lineno": 272, "ts": "2026-07-13T11:37:05.610901+00:00"}
{"message": "Waiting for application shutdown.", "severity": "INFO", "module": "on", "funcName": "shutdown", "lineno": 67, "ts": "2026-07-13T11:37:05.711394+00:00"}
{"message": "Pool recreating", "severity": "INFO", "module": "impl", "funcName": "recreate", "lineno": 309, "ts": "2026-07-13T11:37:05.711672+00:00"}
{"message": "Application shutdown complete.", "severity": "INFO", "module": "on", "funcName": "shutdown", "lineno": 76, "ts": "2026-07-13T11:37:05.711943+00:00"}
{"message": "Finished server process [4955]", "severity": "INFO", "module": "server", "funcName": "_serve", "lineno": 102, "color_message": "Finished server process [\u001b[36m%d\u001b[0m]", "ts": "2026-07-13T11:37:05.711999+00:00"}
